Date,Name,Price Paid,Pricing Mechanism,Description,Transaction Type,FDIC Number,OTS Number,Type of Institution,Total Assets (Q4 2008),Regulator,City,State,Stock Symbol,Program,Warrant Strike Price,Warrant Received,Stock Price (as of close 2009-06-04),In/Out of Money (as of close 2009-06-04),Subsidy Rate Estimate (percentage),Subsidy Rate Estimate Date,Subsidy Rate Estimate Source
2009-05-29,AMERICAN PREMIER BANCORP,1800000.00,Par,Preferred Stock w/ Exercised Warrants,Purchase,3175600,,holding company,81126000.00,,Arcadia,CA,,CPP,,,,,,,
2009-05-29,CB HOLDING CORP.,4114000.00,Par,Preferred Stock w/ Exercised Warrants,Purchase,3184901,,holding company,164478000.00,,Aledo,IL,,CPP,,,,,,,
2009-05-28,Nationstar Mortgage LLC,101000000.00,N/A,Financial Instrument for Home Loan Modifications,Purchase,,,mortgage company,,,Lewisville,TX,,HAMP,,,,,,,
2009-05-27,First Manitowoc Bancorp Inc.,-12000000.00,Par,Preferred Stock w/ Exercised Warrants,Repayment,1208009,,holding company,793228000.00,Federal Reserve,Manitowoc,WI,,CPP,,,,,,,
2009-05-27,First Niagara Financial Group,-18401100.00,Par,Preferred Stock w/ Warrants,Repayment,,H3915,thrift holding company,9239610000.00,,Lockport,NY,FNFG,CPP,,,12.67,,,,
2009-05-27,General Motors Corporation,360624198.00,N/A,Debt Obligation w/ Additional Note,Purchase,,,auto company,91047000000.00,,Detroit,MI,GM,AIFP,,,0.75,,,,
2009-05-27,Washington Federal Inc.,-200000000.00,Par,Preferred Stock w/ Warrants,Repayment,,H2427,thrift holding company,12516153000.00,,Seattle,WA,WFSL,CPP,,,13.39,,,,
2009-05-22,LANDRUM COMPANY,15000000.00,Par,Preferred Stock w/ Exercised Warrants,Purchase,1054514,,holding company,1332922000.00,,Columbia,MO,,CPP,,,,,,,
2009-05-22,PREMIER FINANCIAL CORP.,6349000.00,Par,Subordinated Debentures w/ Exercised Warrants,Purchase,2687124,,holding company,266778000.00,,Dubuque,IA,,CPP,,,,,,,
2009-05-22,UNITED BANK CORPORATION,14400000.00,Par,Subordinated Debentures w/ Exercised Warrants,Purchase,1082777,,holding company,804943000.00,,Barnesville,GA,,CPP,,,,,,,
2009-05-22,UNIVERSAL BANCORP,9900000.00,Par,Preferred Stock w/ Exercised Warrants,Purchase,1097511,,holding company,440602000.00,,Bloomfield,IN,,CPP,,,,,,,
2009-05-21,GMAC LLC,7500000000.00,Par,Preferred Stock w/ Exercised Warrants,Purchase,,,auto company,,,Detroit,MI,GJM,AIFP,,,15.75,,,,
2009-05-20,Chrysler LLC,756857000.00,N/A,Debt Obligation w/ Additional Note,Purchase,,,auto company,,Other,Wilmington ,DE,,AIFP,,,,,,,
2009-05-20,General Motors Corporation,4000000000.00,N/A,Debt Obligation w/ Additional Note,Purchase,,,auto company,91047000000.00,,Detroit,MI,GM,AIFP,,,0.75,,,,
2009-05-20,SCBT Financial Corporation,-64779000.00,Par,Preferred Stock w/Warrants,Repayment,1133437,,holding company,2763151000.00,Federal Reserve,Columbia,SC,SCBT,CPP,,,24.89,,,,
2009-05-20,Somerset Hills Bancorp,-7414000.00,Par,Preferred Stock w/Warrants,Repayment,2950480,,holding company,299389000.00,Federal Reserve,Bernardsville,NJ,SOMH,CPP,,,8.40,,,,
2009-05-15,DEERFIELD FINANCIAL CORPORATION,2639000.00,Par,Subordinated Debentures w/ Exercised Warrants,Purchase,1416738,,holding company,88749000.00,,Madison,WI,,CPP,,,,,,,
2009-05-15,MERCANTILE BANK CORPORATION,21000000.00,Par,Preferred Stock w/ Warrants,Purchase,2608763,,holding company,2203768000.00,,Grand Rapids,MI,,CPP,,,,,,,
2009-05-15,Northern State Bank,1341000.00,Par,Preferred Stock w/ Exercised Warrants,Purchase,58054,,bank,46049000.00,FDIC,Closter,NJ,,CPP,,,,,,,
2009-05-15,WORTHINGTON FEDERAL BANK,2720000.00,Par,Preferred Stock w/ Exercised Warrants,Purchase,32649,,bank,110550000.00,Thrift,Huntsville,AL,,CPP,,,,,,,
2009-05-13,Alliance Financial Corporation,-26918000.00,Par,Preferred Stock w/Warrants,Repayment,1140510,,holding company,1359556000.00,Federal Reserve,Syracuse,NY,ALNC,CPP,,,25.69,,,,
2009-05-08,Highlands State Bank,3091000.00,Par,Preferred Stock w/ Exercised Warrants,Purchase,58048,,bank,63440000.00,FDIC,Vernon,NJ,,CPP,,,,,,,
2009-05-08,One Georgia Bank,5500000.00,Par,Preferred Stock w/ Exercised Warrants,Purchase,58238,,bank,218004000.00,FDIC,Atlanta,GA,,CPP,,,,,,,
2009-05-08,SWORD FINANCIAL CORPORATION,13644000.00,Par,Subordinated Debentures w/ Exercised Warrants,Purchase,1202883,,holding company,492397000.00,,Horicon,WI,,CPP,,,,,,,
2009-05-01,CenterBank,2250000.00,Par,Preferred Stock w/Exercised Warrants,Purchase,35117,,bank,89164000.00,FDIC,Milford,OH,,CPP,,,,,,,
2009-05-01,Chrysler LLC,3340000000.00,,Debt Obligation w/ Additional Note,Purchase,,,auto company,,Other,Wilmington ,DE,,AIFP,,,,,,,
2009-05-01,Georgia Primary Bank,4500000.00,Par,Preferred Stock w/Exercised Warrants,Purchase,58523,,bank,163303000.00,FDIC,Atlanta,GA,,CPP,,,,,,,
2009-05-01,HPK FINANCIAL CORPORATION,4000000.00,Par,Preferred Stock w/ Exercised Warrants,Purchase,1138049,,holding company,336888000.00,,Chicago,IL,,CPP,,,,,,,
2009-05-01,SECURITY STATE BANK HOLDING COMPANY,10750000.00,Par,Subordinated Debentures w/Exercised Warrants,Purchase,1124257,,holding company,458913000.00,,Jamestown,ND,,CPP,,,,,,,
2009-05-01,Union Bank & Trust Company,3194000.00,Par,Preferred Stock w/Exercised Warrants,Purchase,58245,,bank,123473000.00,FDIC,Oxford,NC,,CPP,,,,,,,
2009-05-01,VILLAGE BANK AND TRUST FINANCIAL CORP.,14738000.00,Par,Preferred Stock w/Warrants,Purchase,3251027,,holding company,557373000.00,,Midlothian,VA,,CPP,,,,,,,
2009-04-29,Chrysler Holding LLC,280130642.00,,Debt Obligation w/Additional Note,Purchase,,,auto company,,,Auburn Hills,MI,,AIFP,,,,,,,
2009-04-29,Chrysler Holding LLC,500000000.00,,Debt Obligation w/Additional Note,Purchase,,,auto company,,,Auburn Hills,MI,,AIFP,,,,,,,
2009-04-27,First Western Trust Bank,195000000.00,,Financial Instrument for Home Loan Modification,Purchase,58717,,bank,,,Scottsdale,AZ,,HAMP,,,,,,,
2009-04-24,GRAND CAPITAL CORPORATION,4000000.00,Par,Preferred Stock w/ Exercised Warrants,Purchase,1065967,,holding company,253768000.00,,Tulsa,OK,,CPP,,,,,,,
2009-04-24,INDIANA BANK CORP.,1312000.00,Par,Preferred Stock w/ Exercised Warrants,Purchase,3390935,,holding company,64454000.00,,Dana,IN,,CPP,,,,,,,
2009-04-24,MACKINAC FINANCIAL CORPORATION,11000000.00,Par,Preferred Stock w/Warrants,Purchase,1123933,,holding company,452006000.00,,Manistique,MI,,CPP,,,,,,,
2009-04-24,Vision Bank - Texas,1500000.00,Par,Preferred Stock w/ Exercised Warrants,Purchase,58447,,bank,64411000.00,FDIC,Richardson,TX,,CPP,,,,,,,
2009-04-24,York Traditions Bank,4871000.00,Par,Preferred Stock w/ Exercised Warrants,Purchase,57377,,bank,188095000.00,FDIC,York,PA,,CPP,,,,,,,
2009-04-22,First ULB Corp.,-4900000.00,Par,Preferred Stock w/ Exercised Warrants,Repayment,,H1884,thrift holding company,247050000.00,,Oakland,CA,,CPP,,,,,,,
2009-04-22,General Motors Corporation,2000000000.00,,Debt Obligation w/Additional Note,Purchase,,,auto company,91047000000.00,,Detroit,MI,GM,AIFP,,,0.75,,,,
2009-04-22,Independent Bank Corp.,-75158000.00,Par,Preferred Stock w/Warrants,Repayment,1136803,,holding company,3633478000.00,Federal Reserve,Rockland,MA,INDB,CPP,,,21.75,,,,
2009-04-22,TCF Financial Corporation,-361172000.00,Par,Preferred Stock w/Warrants,Repayment,2389941,,holding company,16792522000.00,Federal Reserve,Wayzata,MN,TCB,CPP,,,13.71,,,,
2009-04-20,Wilshire Credit Corporation,366000000.00,N/A,Financial Instrument for Home Loan Modifications,Purchase,,,mortgage company,,,Beaverton,OR,,HAMP,,,,,,,
2009-04-17,AIG,29835000000.00,Par,Preferred Stock w/Warrants,Purchase,,H2984,thrift holding company,1268362000000.00,,New York,NY,AIG,CPP,,,1.64,,,,
2009-04-17,Bank of the Carolinas,13179000.00,Par,Preferred Stock w/Warrants,Purchase,34903,,bank,563042000.00,FDIC,Mocksville,NC,,CPP,,,,,,,
2009-04-17,BNB FINANCIAL SERVICES CORPORATION,7500000.00,Par,Preferred Stock w/ Exercised Warrants,Purchase,1398973,,holding company,315577000.00,,New York,NY,,CPP,,,,,,,
2009-04-17,Countrywide Home Loans Servicing LP,1864000000.00,,Financial Instrument for Home Loan Modification,Purchase,,,mortgage company,,,Simi Valley,CA,,HAMP,,,,,,,
2009-04-17,OMEGA CAPITAL CORP.,2816000.00,Par,Preferred Stock w/ Exercised Warrants,Purchase,3559198,,holding company,128062000.00,,Centennial,CO,,CPP,,,,,,,
2009-04-17,PENN LIBERTY FINANCIAL CORP,9960000.00,Par,Preferred Stock w/ Exercised Warrants,Purchase,3277979,,holding company,368235000.00,,Wayne,PA,,CPP,,,,,,,
2009-04-17,Tifton Banking Company,3800000.00,Par,Preferred Stock w/ Exercised Warrants,Purchase,57831,,bank,150389000.00,FDIC,Tifton,GA,,CPP,,,,,,,
2009-04-13,Select Portfolio Servicing,376000000.00,,Financial Instrument for Home Loan Modifications,Purchase,,,mortgage company,,,Salt Lake City,UT,,HAMP,,,,,,,
2009-04-10,CITY NATIONAL BANCSHARES CORPORATION,9439000.00,Par,Preferred Stock,Purchase,1048849,,holding company,494390000.00,,Newark,NJ,,CPP,,,,,,,
2009-04-09,Chrysler Receivables SPV LLC,1500000000.00,N/A,Debt Obligation w/ Additional Note,Purchase,,,auto company,,Other,Wilmington,DE,,ASSP,,,,,,,
2009-04-03,FORTUNE FINANCIAL CORPORATION,3100000.00,Par,Preferred Stock w/ Exercised Warrants,Purchase,3384363,,holding company,130660000.00,,Arnold,MO,,CPP,,,,,,,
2009-04-03,Tri-State Bank of Memphis,2795000.00,Par,Preferred Stock,Purchase,16511,,bank,122569000.00,FDIC,Memphis,TN,,CPP,,,,,,,
2009-04-03,TriSummit Bank,2765000.00,Par,Preferred Stock w/ Exercised Warrants,Purchase,58467,,bank,105564000.00,Federal Reserve,Kingsport,TN,,CPP,,,,,,,
2009-03-31,Bank of Marin Bancorp,-28000000.00,Par,Preferred Stock W/ Warrants,Repayment,3590388,,holding company,1049536000.00,Federal Reserve,Novato,CA,BMRC,CPP,,,27.00,,,,
2009-03-31,Bank of Marin Bancorp,-178888.89,,,Dividend Payment,3590388,,holding company,1049536000.00,Federal Reserve,Novato,CA,BMRC,CPP,,,27.00,,,,
2009-03-31,Fifth Third Bancorp,-42600000.00,,,Dividend Payment,1070345,,holding company,130672356000.00,Federal Reserve,Cincinnati,OH,FITB,CPP,,,7.00,,,,
2009-03-31,Iberiabank,-90000000.00,Par,Preferred Stock W/ Warrants,Repayment,28100,,bank,3864600000.00,Federal Reserve,Lafayette,LA,,CPP,,,,,,,
2009-03-31,Iberiabank Corporation,-575000.00,,,Dividend Payment,2291914,,holding company,5377099000.00,Federal Reserve,Lafayette,LA,IBKC,CPP,,,44.14,,,,
2009-03-31,Old National Bancorp,-100000000.00,Par,Preferred Stock W/ Warrants,Repayment,1098303,,holding company,7712867000.00,Federal Reserve,Evansville,IN,ONB,CPP,,,11.86,,,,
2009-03-31,Old National Bancorp,-638888.89,,,Dividend Payment,1098303,,holding company,7712867000.00,Federal Reserve,Evansville,IN,ONB,CPP,,,11.86,,,,
2009-03-31,Signature Bank,-766666.67,,,Dividend Payment,57053,,bank,6699455000.00,FDIC,New York,NY,SBNY,CPP,,,27.68,,,,
2009-03-31,Signature Bank,-120000000.00,Par,Preferred Stock W/ Warrants,Repayment,57053,,bank,6699455000.00,FDIC,New York,NY,SBNY,CPP,,,27.68,,,,
2009-03-27,ALPINE BANKS OF COLORADO,70000000.00,Par,Preferred Stock w/ Exercised Warrants,Purchase,1061679,,holding company,2682098000.00,,Glenwood Springs,CO,,CPP,,,,,,,
2009-03-27,CBS BANC-CORP.,24300000.00,Par,Preferred Stock w/ Exercised Warrants,Purchase,1493654,,holding company,1340219000.00,,Russellville,AL,,CPP,,,,,,,
2009-03-27,Colonial American Bank,574000.00,Par,Preferred Stock w/ Exercised Warrants,Purchase,58412,,bank,36564000.00,FDIC,West Conshohocke,PA,,CPP,,,,,,,
2009-03-27,CSRA BANK CORP.,2400000.00,Par,Preferred Stock w/ Exercised Warrants,Purchase,1493672,,holding company,110414000.00,,Wrens,GA,,CPP,,,,,,,
2009-03-27,Maryland Financial Bank,1700000.00,Par,Preferred Stock w/ Exercised Warrants,Purchase,57821,,bank,63589000.00,FDIC,Towson,MD,,CPP,,,,,,,
2009-03-27,PATHWAY BANCORP,3727000.00,Par,Preferred Stock w/ Exercised Warrants,Purchase,3304361,,holding company,153859000.00,,Cairo,NE,,CPP,,,,,,,
2009-03-27,TRINITY CAPITAL CORPORATION,35539000.00,Par,Preferred Stock w/ Exercised Warrants,Purchase,1056161,,holding company,1409958000.00,,Los Alamos,NM,,CPP,,,,,,,
2009-03-20,Bank of New York Mellon Corporation,-37500000.00,,,Dividend Payment,3587146,,holding company,207382310000.00,Federal Reserve,New York,NY,BK,CPP,,,28.87,,,,
2009-03-20,Citizens Bank & Trust Company,2400000.00,Par,Preferred Stock w/ Exercised Warrants,Purchase,16417,,bank,129320000.00,FDIC,Covington,LA,,CPP,,,,,,,
2009-03-20,FARMERS AND MERCHANTS FINANCIAL CORPORATION,442000.00,Par,Preferred Stock w/ Exercised Warrants,Purchase,1059694,,holding company,22709000.00,,Argonia,KS,,CPP,,,,,,,
2009-03-20,FIRST NBC BANK HOLDING COMPANY,17836000.00,Par,Preferred Stock w/ Exercised Warrants,Purchase,3485541,,holding company,641026000.00,,New Orleans,LA,,CPP,,,,,,,
2009-03-20,HERITAGE OAKS BANCORP,21000000.00,Par,Preferred Stock w/Warrants,Purchase,2253529,,holding company,803809000.00,,Paso Robles,CA,,CPP,,,,,,,
2009-03-20,PREMIER BANK HOLDING COMPANY,9500000.00,Par,Preferred Stock w/ Exercised Warrants,Purchase,2815468,,holding company,430848000.00,,Tallahassee,FL,,CPP,,,,,,,
2009-03-16,State Street Corporation,-25000000.00,,,Dividend Payment,1111435,,holding company,171227778000.00,Federal Reserve,Boston,MA,STT,CPP,,,48.95,,,,
2009-03-13,Bank of George,2672000.00,Par,Preferred Stock w/ Exercised Warrants,Purchase,58626,,bank,101328000.00,FDIC,Las Vegas,NV,,CPP,,,,,,,
2009-03-13,Discover Financial Services,1224558000.00,Par,Preferred Stock w/Warrants,Purchase,,,bank,,,Riverwoods,IL,,CPP,,,,,,,
2009-03-13,First American International Corp.,17000000.00,Par,Preferred Stock,Purchase,3266302,,holding company,604374000.00,,Brooklyn,NY,,CPP,,,,,,,
2009-03-13,First Intercontinental Bank,6398000.00,Par,Preferred Stock w/ Exercised Warrants,Purchase,34998,,bank,235316000.00,FDIC,Doraville,GA,,CPP,,,,,,,
2009-03-13,First National Corporation,13900000.00,Par,Preferred Stock w/ Exercised Warrants,Purchase,1076123,,holding company,547356000.00,,Strasburg,VA,,CPP,,,,,,,
2009-03-13,First Northern Community Bancorp,17390000.00,Par,Preferred Stock w/Warrants,Purchase,2880626,,holding company,670796000.00,,Dixon,CA,,CPP,,,,,,,
2009-03-13,First Place Financial Corp.,72927000.00,Par,Preferred Stock w/Warrants,Purchase,876371,H3282,thrift holding company,3186505000.00,Thrift,Warren,OH,,CPP,,,,,,,
2009-03-13,IBW Financial Corporation,6000000.00,Par,Preferred Stock w/ Exercised Warrants,Purchase,2326179,,holding company,363881000.00,,Washington,DC,,CPP,,,,,,,
2009-03-13,Madison Financial Corporation,3370000.00,Par,Preferred Stock w/ Exercised Warrants,Purchase,2747260,,holding company,141740000.00,,Richmond,KY,,CPP,,,,,,,
2009-03-13,Moneytree Corporation,9516000.00,Par,Preferred Stock w/ Exercised Warrants,Purchase,3387832,,holding company,436583000.00,,Lenoir City,TN,,CPP,,,,,,,
2009-03-06,AmeriBank Holding Company,2492000.00,Par,Preferred Stock w/ Exercised Warrants,Purchase,3043008,,holding company,105214000.00,Federal Reserve,Collinsville,OK,,CPP,,,,,,,
2009-03-06,Citizens Bancshares Corporation,7462000.00,Par,Preferred Stock,Purchase,1078958,,holding company,347751000.00,Federal Reserve,Atlanta,GA,,CPP,,,,,,,
2009-03-06,First Busey Corporation,100000000.00,Par,Preferred Stock w/Warrants,Purchase,1203602,,holding company,4465247000.00,Federal Reserve,Urbana,IL,BUSE,CPP,,,,,,,
2009-03-06,HCSB Financial Corporation,12895000.00,Par,Preferred Stock w/Warrants,Purchase,2805375,,holding company,643560000.00,Federal Reserve,Loris,SC,HCFB.OB,CPP,,,,,,,
2009-03-06,ICB Financial,6000000.00,Par,Preferred Stock w/Exercised Warrants,Purchase,3360273,,holding company,252111000.00,Federal Reserve,Ontario,CA,,CPP,,,,,,,
2009-03-06,Marine Bank & Trust Company,3000000.00,Par,Preferred Stock w/ Exercised Warrants,Purchase,34233,,bank,129166000.00,FDIC,Vero Beach,FL,,CPP,,,,,,,
2009-03-03,TALF LLC,20000000000.00,n/a,Debt Obligation w/Additional Note,Purchase,,,other,,Other,Wilmington ,DE,,CBLIIP,,,,,,,
2009-03-02,JPMorgan Chase & Co.,-312500000.00,,,Dividend Payment,1039502,,holding company,1849647659000.00,Federal Reserve,New York,NY,JPM,CPP,,,35.35,,,,
2009-02-27,California Bank of Commerce,4000000.00,Par,Preferred Stock w/Exercised Warrants,Purchase,58583,,bank,124195000.00,FDIC,Lafayette,CA,,CPP,,,,,,,
2009-02-27,Catskill Hudson Bancorp,3000000.00,Par,Preferred Stock w/ Excercised Warrants,Purchase,3443998,,holding company,222024000.00,Federal Reserve,Rock Hill,NY,,CPP,,,,,,,
2009-02-27,Columbine Capital Corp.,2260000.00,Par,Preferred Stock w/ Exercised Warrants,Purchase,3465253,,holding company,100334000.00,Federal Reserve,Buena Vista,CO,,CPP,,,,,,,
2009-02-27,Community Business Bank,3976000.00,Par,Preferred Stock w/ Exercised Warrants,Purchase,58159,,bank,134157000.00,FDIC,West Sacramento,CA,,CPP,,,,,,,
2009-02-27,Community First Inc.,17806000.00,Par,Preferred Stock w/Exercised Warrants,Purchase,3108194,,holding company,713389000.00,Federal Reserve,Columbia,TN,,CPP,,,,,,,
2009-02-27,D.L. Evans Bancorp,19891000.00,Par,Preferred Stock w/ Exercised Warrants,Purchase,2242523,,holding company,804318000.00,Federal Reserve,Burley,ID,,CPP,,,,,,,
2009-02-27,First M&F Corporation,30000000.00,Par,Preferred Stock w/Warrants,Purchase,1095982,,holding company,1592731000.00,Federal Reserve,Kosciusko,MS,FMFC,CPP,,,,,,,
2009-02-27,First State Bank of Mobeetie,731000.00,Par,Preferred Stock w/ Exercised Warrants,Purchase,17909,,bank,67897000.00,FDIC,Mobeetie,TX,,CPP,,,,,,,
2009-02-27,FNB Bancorp,12000000.00,Par,Preferred Stock w/ Excercised Warrants,Purchase,3047743,,holding company,660934000.00,Federal Reserve,South San Francisco,CA,,CPP,,,,,,,
2009-02-27,Howard Bancorp,5983000.00,Par,Preferred Stock w/ Excercised Warrants,Purchase,3386910,,holding company,229395000.00,Federal Reserve,Ellicot City,MD,,CPP,,,,,,,
2009-02-27,Integra Bank Corporation,83586000.00,Par,Preferred Stock w/Warrants,Purchase,1132654,,holding company,3354820000.00,Federal Reserve,Evansville,IN,IBNK,CPP,,,,,,,
2009-02-27,Lakeland Financial Corporation,56044000.00,Par,Preferred Stock w/Warrants,Purchase,1208906,,holding company,2376286000.00,Federal Reserve,Warsaw,IN,LKFN,CPP,,,,,,,
2009-02-27,Medallion Bank,11800000.00,Par,Preferred Stock w/ Exercised Warrants,Purchase,57449,,bank,415638000.00,FDIC,Salt Lake City,UT,,CPP,,,,,,,
2009-02-27,Midtown Bank & Trust Company,5222000.00,Par,Preferred Stock w/ Excercised Warrants,Purchase,57580,,bank,207204000.00,FDIC,Atlanta ,GA,,CPP,,,,,,,
2009-02-27,PSB Financial Corporation,9270000.00,Par,Preferred Stock w/ Excercised Warrants,Purchase,1109263,,holding company,456623000.00,Federal Reserve,Many,La,,CPP,,,,,,,
2009-02-27,Regent Capital Corporation,2655000.00,Par,Preferred Stock w/ Exercised Warrants,Purchase,3632000,,holding company,136181000.00,Federal Reserve,Nowata,OK,,CPP,,,,,,,
2009-02-27,The Victory Bank,541000.00,Par,Preferred Stock w/ Excercised Warrants,Purchase,58615,,bank,22785000.00,Federal Reserve,Limerick,PA,,CPP,,,,,,,
2009-02-20,BancPlus Corporation,48000000.00,Par,Preferred Stock w/Exercised Warrants,Purchase,1097306,,holding company,2148639000.00,Federal Reserve,Ridgeland,MS,,CPP,,,,,,,
2009-02-20,CBB Bancorp,2644000.00,Par,Preferred Stock w/Exercised Warrants,Purchase,3236640,,holding company,113773000.00,Federal Reserve,Cartersville,GA,,CPP,,,,,,,
2009-02-20,Central Community Corporation,22000000.00,Par,Preferred Stock w/Exercised Warrants,Purchase,1832048,,holding company,993054000.00,Federal Reserve,Temple,TX,,CPP,,,,,,,
2009-02-20,First BancTrust Corporation,7350000.00,Par,Preferred Stock w/Exercised Warrants,Purchase,2971261,,holding company,360690000.00,Federal Reserve,Paris,IL,,CPP,,,,,,,
2009-02-20,First Merchants Corporation,116000000.00,Par,Preferred Stock w/Warrants,Purchase,1208559,,holding company,3912729000.00,Federal Reserve,Muncie,IN,FRME,CPP,,,,,,,
2009-02-20,First Priority Financial Corp.,4579000.00,Par,Preferred Stock w/Exercised Warrants,Purchase,3597042,,holding company,214633000.00,Federal Reserve,Malvern,PA,,CPP,,,,,,,
2009-02-20,Northern States Financial Corporation,17211000.00,Par,Preferred Stock w/Warrants,Purchase,1210589,,holding company,631686000.00,Federal Reserve,Waukegan,IL,NSFC,CPP,,,,,,,
2009-02-20,Premier Service Bank,4000000.00,Par,Preferred Stock w/Exercised Warrants,Purchase,57059,,bank,155135000.00,FDIC,Riverside,CA,,CPP,,,,,,,
2009-02-20,Sonoma Valley Bancorp,8653000.00,Par,Preferred Stock w/ Exercised Warrants,Purchase,2925394,,holding company,321765000.00,Federal Reserve,Sonoma,CA,SBNK,CPP,,,,,,,
2009-02-20,The Private Bank of California,5450000.00,Par,Preferred Stock w/ Exercised Warrants,Purchase,58099,,bank,242349000.00,FDIC,Los Angeles,CA,,CPP,,,,,,,
2009-02-20,United American Bank,8700000.00,Par,Preferred Stock w/Exercised Warrants,Purchase,57447,,bank,296652000.00,FDIC,San Mateo,CA,,CPP,,,,,,,
2009-02-20,White River Bancshares Company,16800000.00,Par,Preferred Stock w/Exercised Warrants,Purchase,3306589,,holding company,,Federal Reserve,Fayetteville,AR,,CPP,,,,,,,
2009-02-17,AB&T Financial Corporation,-10694.44,,,Dividend Payment,3706684,,holding company,170683000.00,Federal Reserve,Gastonia,NC,ABTO.OB,CPP,,,5.25,,,,
2009-02-17,Alliance Financial Corporation,-209362.22,,,Dividend Payment,1140510,,holding company,1359556000.00,Federal Reserve,Syracuse,NY,ALNC,CPP,,,25.69,,,,
2009-02-17,American Express Company,-16944450.00,,,Dividend Payment,,,bank,126074000000.00,,New York,NY,AXP,CPP,,,25.25,,,,
2009-02-17,Ameris Bancorp,-606666.67,,,Dividend Payment,1082067,,holding company,2405524000.00,Federal Reserve,Moultrie,GA,ABCB,CPP,,,7.25,,,,
2009-02-17,Associated Banc-Corp,-6125000.00,,,Dividend Payment,1199563,,holding company,23843152000.00,Federal Reserve,Green Bay,WI,ASBC,CPP,,,14.37,,,,
2009-02-17,Bank of America Corporation,-50000000.00,,,Dividend Payment,1073757,,holding company,1817686267000.00,Federal Reserve,Charlotte,NC,BAC,CPP,,,11.87,,,,
2009-02-17,Bank of America Corporation,-222916666.67,,,Dividend Payment,1073757,,holding company,1817686267000.00,Federal Reserve,Charlotte,NC,BAC,CPP,,,11.87,,,,
2009-02-17,Bank of America Corporation,-128888888.89,,,Dividend Payment,1073757,,holding company,1817686267000.00,Federal Reserve,Charlotte,NC,BAC,CPP,,,11.87,,,,
2009-02-17,Bank of Commerce,-12083.33,,,Dividend Payment,58134,,bank,125462000.00,FDIC,Charlotte,NC,,CPP,,,,,,,
2009-02-17,Bank of Commerce,-1087.50,,,Dividend Payment,58134,,bank,125462000.00,FDIC,Charlotte,NC,,CPP,,,,,,,
2009-02-17,Bank of Commerce Holdings,-214861.11,,,Dividend Payment,1030040,,holding company,769179000.00,Federal Reserve,Redding,CA,BOCH,CPP,,,5.80,,,,
2009-02-17,BankFirst Capital Corporation,-47361.11,,,Dividend Payment,1247455,,holding company,662151000.00,Federal Reserve,Macon,MS,,CPP,,,,,,,
2009-02-17,BankFirst Capital Corporation,-4262.50,,,Dividend Payment,1247455,,holding company,662151000.00,Federal Reserve,Macon,MS,,CPP,,,,,,,
2009-02-17,Banner Corporation,-1446666.67,,,Dividend Payment,2126977,,holding company,4602303000.00,Federal Reserve,Walla Walla,WA,BANR,CPP,,,5.38,,,,
2009-02-17,Bar Harbor Bankshares,-75524.86,,,Dividend Payment,1115385,,holding company,971535000.00,Federal Reserve,Bar Harbor,ME,BHB,CPP,,,28.99,,,,
2009-02-17,BB&T Corp.,-39605727.78,,,Dividend Payment,1074156,,holding company,149328261000.00,Federal Reserve,Winston-Salem,NC,BBT,CPP,,,22.26,,,,
2009-02-17,BNC BANCORP,-303916.67,,,Dividend Payment,3141650,,holding company,1572135000.00,,Thomasville,NC,,CPP,,,,,,,
2009-02-17,BNCCORP Inc.,-80930.14,,,Dividend Payment,1248162,,holding company,861403000.00,Federal Reserve,Bismarck,ND,BNCC,CPP,,,,,,,
2009-02-17,BNCCORP Inc.,-7286.25,,,Dividend Payment,1248162,,holding company,861403000.00,Federal Reserve,Bismarck,ND,BNCC,CPP,,,,,,,
2009-02-17,Bridgeview Bancorp Inc.,-295555.56,,,Dividend Payment,1209145,,holding company,1505790000.00,Federal Reserve,Bridgeview,IL,,CPP,,,,,,,
2009-02-17,Bridgeview Bancorp Inc.,-26600.00,,,Dividend Payment,1209145,,holding company,1505790000.00,Federal Reserve,Bridgeview,IL,,CPP,,,,,,,
2009-02-17,C&F Financial Corporation,-100000.00,,,Dividend Payment,2183493,,holding company,847034000.00,Federal Reserve,West Point,VA,CFFI,CPP,,,16.56,,,,
2009-02-17,Cache Valley Banking Company,-34428.33,,,Dividend Payment,2324997,,holding company,201670000.00,Federal Reserve,Logan,UT,,CPP,,,,,,,
2009-02-17,Cache Valley Banking Company,-3094.00,,,Dividend Payment,2324997,,holding company,201670000.00,Federal Reserve,Logan,UT,,CPP,,,,,,,
2009-02-17,Cadence Financial Corporation,-220000.00,,,Dividend Payment,1100037,,holding company,1967150000.00,Federal Reserve,Starkville,MS,CADE,CPP,,,2.78,,,,
2009-02-17,California Oaks State Bank,-907.50,,,Dividend Payment,34579,,bank,123242000.00,FDIC,Thousand Oaks,CA,,CPP,,,,,,,
2009-02-17,California Oaks State Bank,-10083.33,,,Dividend Payment,34579,,bank,123242000.00,FDIC,Thousand Oaks,CA,,CPP,,,,,,,
2009-02-17,Calvert Financial Corporation,-3168.61,,,Dividend Payment,2868147,,holding company,46176000.00,Federal Reserve,Ashland,MO,,CPP,,,,,,,
2009-02-17,Calvert Financial Corporation,-286.00,,,Dividend Payment,2868147,,holding company,46176000.00,Federal Reserve,Ashland,MO,,CPP,,,,,,,
2009-02-17,CalWest Bancorp,-14226.67,,,Dividend Payment,3188860,,holding company,191038000.00,Federal Reserve,Rancho Santa Margarita,CA,CALW,CPP,,,,,,,
2009-02-17,CalWest Bancorp,-1281.50,,,Dividend Payment,3188860,,holding company,191038000.00,Federal Reserve,Rancho Santa Margarita,CA,CALW,CPP,,,,,,,
2009-02-17,Capital Bank Corporation,-361191.25,,,Dividend Payment,2741156,,holding company,1713301000.00,Federal Reserve,Raleigh,NC,CBKN,CPP,,,5.63,,,,
2009-02-17,Capital One Financial Corporation,-44933765.14,,,Dividend Payment,2277860,,holding company,156011580000.00,Federal Reserve,McLean,VA,COF,CPP,,,25.00,,,,
2009-02-17,Capital Pacific Bancorp,-2600.00,,,Dividend Payment,3589702,,holding company,140578000.00,Federal Reserve,Portland,OR,CPBO,CPP,,,,,,,
2009-02-17,Capital Pacific Bancorp,-28888.89,,,Dividend Payment,3589702,,holding company,140578000.00,Federal Reserve,Portland,OR,CPBO,CPP,,,,,,,
2009-02-17,Cascade Financial Corporation,-454650.00,,,Dividend Payment,2568362,,holding company,1636243000.00,Federal Reserve,Everett,WA,CASB,CPP,,,3.29,,,,
2009-02-17,Cathay General Bancorp,-2508333.33,,,Dividend Payment,1843080,,holding company,11579100000.00,Federal Reserve,Los Angeles,CA,CATY,CPP,,,10.58,,,,
2009-02-17,Center Financial Corporation,-481250.00,,,Dividend Payment,3003178,,holding company,2056646000.00,Federal Reserve,Los Angeles,CA,CLFC,CPP,,,3.28,,,,
2009-02-17,Central Jersey Bancorp,-81611.11,,,Dividend Payment,2910055,,holding company,600175000.00,Federal Reserve,Oakhurst,NJ,CJBK,CPP,,,6.00,,,,
2009-02-17,Central Pacific Financial Corp.,-675000.00,,,Dividend Payment,1022764,,holding company,5422926000.00,Federal Reserve,Honolulu,HI,CPF,CPP,,,6.77,,,,
2009-02-17,CIT Group Inc.,-14562500.00,,,Dividend Payment,1036967,,holding company,3498275000.00,Federal Reserve,New York,NY,CIT,CPP,,,3.34,,,,
2009-02-17,Citigroup Inc.,-26893333.33,,,Dividend Payment,1951350,,holding company,1340720959000.00,Federal Reserve,New York,NY,C,CPP,,,3.57,,,,
2009-02-17,Citigroup Inc.,-371527777.78,,,Dividend Payment,1951350,,holding company,1340720959000.00,Federal Reserve,New York,NY,C,CPP,,,3.57,,,,
2009-02-17,Citigroup Inc.,-200000000.00,,,Dividend Payment,1951350,,holding company,1340720959000.00,Federal Reserve,New York,NY,C,CPP,,,3.57,,,,
2009-02-17,Citizens & Northern Corporation,-106494.44,,,Dividend Payment,1143623,,holding company,1273285000.00,Federal Reserve,Wellsboro,PA,CZNC,CPP,,,22.25,,,,
2009-02-17,Citizens Bancorp,-75111.11,,,Dividend Payment,3165133,,holding company,372202000.00,Federal Reserve,Nevada City,CA,CZNB,CPP,,,,,,,
2009-02-17,Citizens Bancorp,-6760.00,,,Dividend Payment,3165133,,holding company,372202000.00,Federal Reserve,Nevada City,CA,CZNB,CPP,,,,,,,
2009-02-17,Citizens Community Bank,-21666.67,,,Dividend Payment,35326,,bank,149794000.00,Federal Reserve,South Hill,VA,CZYB,CPP,,,,,,,
2009-02-17,Citizens Community Bank,-1950.00,,,Dividend Payment,35326,,bank,149794000.00,Federal Reserve,South Hill,VA,CZYB,CPP,,,,,,,
2009-02-17,Citizens First Corporation,-68281.11,,,Dividend Payment,2750952,,holding company,361196000.00,Federal Reserve,Bowling Green,KY,CZFC,CPP,,,5.09,,,,
2009-02-17,Citizens South Banking Corporation,-179375.00,,,Dividend Payment,,H3027,thrift holding company,817283000.00,,Gastonia,NC,CSBC,CPP,,,4.88,,,,
2009-02-17,City National Corporation,-4666666.67,,,Dividend Payment,1027518,,holding company,16097768000.00,Federal Reserve,Beverly Hills,CA,CYN,CPP,,,37.04,,,,
2009-02-17,CoBiz Financial Inc.,-501277.78,,,Dividend Payment,1060328,,holding company,2617361000.00,Federal Reserve,Denver,CO,COBZ,CPP,,,7.80,,,,
2009-02-17,Comerica Inc.,-28437500.00,,,Dividend Payment,1199844,,holding company,67613219000.00,Federal Reserve,Dallas,TX,CMA,CPP,,,22.58,,,,
2009-02-17,Commonwealth Business Bank,-23530.83,,,Dividend Payment,57873,,bank,295847000.00,Federal Reserve,Los Angeles,CA,CWBB,CPP,,,,,,,
2009-02-17,Commonwealth Business Bank,-2117.50,,,Dividend Payment,57873,,bank,295847000.00,Federal Reserve,Los Angeles,CA,CWBB,CPP,,,,,,,
2009-02-17,Community Bankers Trust Corporation,-137511.11,,,Dividend Payment,3687046,,holding company,1079127000.00,Federal Reserve,Glen Allen,VA,BTC,CPP,,,3.54,,,,
2009-02-17,Community Financial Corporation,-98334.44,,,Dividend Payment,,H2750,thrift holding company,509719000.00,,Staunton,VA,CFFC,CPP,,,4.15,,,,
2009-02-17,Community Trust Financial Corporation,-120000.00,,,Dividend Payment,1885307,,holding company,1129736000.00,Federal Reserve,Ruston,LA,,CPP,,,,,,,
2009-02-17,Community Trust Financial Corporation,-10800.00,,,Dividend Payment,1885307,,holding company,1129736000.00,Federal Reserve,Ruston,LA,,CPP,,,,,,,
2009-02-17,Community West Bancshares,-121333.33,,,Dividend Payment,2626299,,holding company,656886000.00,Federal Reserve,Goleta,CA,CWBC,CPP,,,2.44,,,,
2009-02-17,Crescent Financial Corporation,-124500.00,,,Dividend Payment,3027709,,holding company,968085000.00,Federal Reserve,Cary,NC,CRFN,CPP,,,4.26,,,,
2009-02-17,GMAC LLC,-51111111.11,,,Dividend Payment,,,auto company,,,Detroit,MI,GJM,CPP,,,15.75,,,,
2009-02-17,GMAC LLC,-2875000.00,,,Dividend Payment,,,auto company,,,Detroit,MI,GJM,CPP,,,15.75,,,,
2009-02-17,Signature Bank,-1050000.00,,,Dividend Payment,57053,,bank,6699455000.00,FDIC,New York,NY,SBNY,CPP,,,27.68,,,,
2009-02-17,Sound Banking Company,-15350.00,,,Dividend Payment,57095,,bank,127406000.00,FDIC,Morehead City,NC,SNBN,CPP,,,,,,,
2009-02-17,Sound Banking Company,-1386.00,,,Dividend Payment,57095,,bank,127406000.00,FDIC,Morehead City,NC,SNBN,CPP,,,,,,,
2009-02-17,Southern Community Financial Corp.,-415625.00,,,Dividend Payment,2981831,,holding company,1800127000.00,Federal Reserve,Winston-Salem,NC,SCMF,CPP,,,3.20,,,,
2009-02-17,State Bankshares Inc.,-201388.89,,,Dividend Payment,1417333,,holding company,1926633000.00,Federal Reserve,Fargo,ND,,CPP,,,,,,,
2009-02-17,State Bankshares Inc.,-18125.00,,,Dividend Payment,1417333,,holding company,1926633000.00,Federal Reserve,Fargo,ND,,CPP,,,,,,,
2009-02-17,Sterling Bancorp,-303333.33,,,Dividend Payment,1039454,,holding company,2196255000.00,Federal Reserve,New York,NY,STL,CPP,,,9.57,,,,
2009-02-17,Sterling Financial Corporation,-2945833.33,,,Dividend Payment,3152245,,holding company,12784067000.00,Federal Reserve,Spokane,WA,STSA,CPP,,,4.20,,,,
2009-02-17,Stonebridge Financial Corp.,-33528.61,,,Dividend Payment,2754334,,holding company,487013000.00,Federal Reserve,West Chester,PA,,CPP,,,,,,,
2009-02-17,Stonebridge Financial Corp.,-3019.50,,,Dividend Payment,2754334,,holding company,487013000.00,Federal Reserve,West Chester,PA,,CPP,,,,,,,
2009-02-17,Summit State Bank,-66111.11,,,Dividend Payment,32203,,bank,349785000.00,FDIC,Santa Rosa,CA,SSBI,CPP,,,7.30,,,,
2009-02-17,Superior Bancorp Inc.,-670833.33,,,Dividend Payment,,H4235,thrift holding company,3034347000.00,,Birmingham,AL,SUPR,CPP,,,3.19,,,,
2009-02-17,Surrey Bancorp,-10000.00,,,Dividend Payment,3163867,,holding company,204148000.00,Federal Reserve,Mount Airy,NC,SRYB,CPP,,,,,,,
2009-02-17,Surrey Bancorp,-900.00,,,Dividend Payment,3163867,,holding company,204148000.00,Federal Reserve,Mount Airy,NC,SRYB,CPP,,,,,,,
2009-02-17,Synovus Financial Corp.,-7527877.78,,,Dividend Payment,1078846,,holding company,36154084000.00,Federal Reserve,Columbus,GA,SNV,CPP,,,3.45,,,,
2009-02-17,Syringa Bancorp,-32222.22,,,Dividend Payment,3338861,,holding company,289637000.00,Federal Reserve,Boise,ID,,CPP,,,,,,,
2009-02-17,Syringa Bancorp,-2900.00,,,Dividend Payment,3338861,,holding company,289637000.00,Federal Reserve,Boise,ID,,CPP,,,,,,,
2009-02-17,Taylor Capital Group,-1222935.00,,,Dividend Payment,2495039,,holding company,4378470000.00,Federal Reserve,Rosemont,IL,TAYC,CPP,,,6.21,,,,
2009-02-17,TCF Financial Corporation,-4564812.78,,,Dividend Payment,2389941,,holding company,16792522000.00,Federal Reserve,Wayzata,MN,TCB,CPP,,,13.71,,,,
2009-02-17,TCNB Financial Corp.,-14444.44,,,Dividend Payment,2833127,,holding company,100227000.00,Federal Reserve,Dayton,OH,,CPP,,,,,,,
2009-02-17,TCNB Financial Corp.,-1300.00,,,Dividend Payment,2833127,,holding company,100227000.00,Federal Reserve,Dayton,OH,,CPP,,,,,,,
2009-02-17,The Baraboo Bancorporation,-83572.36,,,Dividend Payment,1209248,,holding company,783631000.00,Federal Reserve,Baraboo,WI,BAOB,CPP,,,,,,,
2009-02-17,The Baraboo Bancorporation,-7518.25,,,Dividend Payment,1209248,,holding company,783631000.00,Federal Reserve,Baraboo,WI,BAOB,CPP,,,,,,,
2009-02-17,TIB Financial Corp,-359722.22,,,Dividend Payment,2457943,,holding company,1612277000.00,Federal Reserve,Naples,FL,TIBB,CPP,,,2.89,,,,
2009-02-17,TowneBank,-669007.50,,,Dividend Payment,35095,,bank,3015581000.00,FDIC,Portsmouth,VA,TOWN,CPP,,,18.48,,,,
2009-02-17,Treaty Oak Bancorp Inc.,-13162.78,,,Dividend Payment,3228579,,holding company,135990000.00,Federal Reserve,Austin,TX,TOAK,CPP,,,,,,,
2009-02-17,Treaty Oak Bancorp Inc.,-1181.75,,,Dividend Payment,3228579,,holding company,135990000.00,Federal Reserve,Austin,TX,TOAK,CPP,,,,,,,
2009-02-17,Tri-County Financial Corporation,-120866.67,,,Dividend Payment,2523389,,holding company,714638000.00,Federal Reserve,Waldorf,MD,TCFC,CPP,,,,,,,
2009-02-17,Tri-County Financial Corporation,-10878.00,,,Dividend Payment,2523389,,holding company,714638000.00,Federal Reserve,Waldorf,MD,TCFC,CPP,,,,,,,
2009-02-17,Trustmark Corporation,-2508333.33,,,Dividend Payment,1079562,,holding company,9841521000.00,Federal Reserve,Jackson,MS,TRMK,CPP,,,20.00,,,,
2009-02-17,U.S. Bancorp,-83404027.78,,,Dividend Payment,1119794,,holding company,266634185000.00,Federal Reserve,Minneapolis,MN,USB,CPP,,,18.75,,,,
2009-02-17,Union Bankshares Corporation,-458888.89,,,Dividend Payment,1971693,,holding company,2560112000.00,Federal Reserve,Bowling Green,VA,UBSH,CPP,,,16.89,,,,
2009-02-17,United Financial Banking Companies Inc.,-22789.17,,,Dividend Payment,1075788,,holding company,239738000.00,Federal Reserve,Vienna,VA,,CPP,,,,,,,
2009-02-17,United Financial Banking Companies Inc.,-2051.75,,,Dividend Payment,1075788,,holding company,239738000.00,Federal Reserve,Vienna,VA,,CPP,,,,,,,
2009-02-17,Uwharrie Capital Corp,-72222.22,,,Dividend Payment,2082532,,holding company,451963000.00,Federal Reserve,Albemarle,NC,UWHR,CPP,,,,,,,
2009-02-17,Uwharrie Capital Corp,-6500.00,,,Dividend Payment,2082532,,holding company,451963000.00,Federal Reserve,Albemarle,NC,UWHR,CPP,,,,,,,
2009-02-17,Valley Community Bank,-27500.00,,,Dividend Payment,34689,,bank,211129000.00,FDIC,Pleasanton,CA,,CPP,,,,,,,
2009-02-17,Valley Community Bank,-2475.00,,,Dividend Payment,34689,,bank,211129000.00,FDIC,Pleasanton,CA,,CPP,,,,,,,
2009-02-17,Valley Financial Corporation,-140166.25,,,Dividend Payment,2314327,,holding company,668407000.00,Federal Reserve,Roanoke,VA,VYFC,CPP,,,5.25,,,,
2009-02-17,Valley National Bancorp,-3791666.67,,,Dividend Payment,1048773,,holding company,14700181000.00,Federal Reserve,Wayne,NJ,VLY,CPP,,,12.60,,,,
2009-02-17,Virginia Commerce Bancorp,-621250.00,,,Dividend Payment,2856377,,holding company,2713694000.00,Federal Reserve,Arlington,VA,VCBI,CPP,,,2.65,,,,
2009-02-17,VIST Financial Corp.,-194444.44,,,Dividend Payment,1136139,,holding company,1206644000.00,Federal Reserve,Wyomissing,PA,VIST,CPP,,,7.10,,,,
2009-02-17,Wainwright Bank & Trust Company,-171111.11,,,Dividend Payment,27009,,bank,979538000.00,FDIC,Boston,MA,WAIN,CPP,,,8.08,,,,
2009-02-17,Washington Federal Savings and Loan Association,-2527777.78,,,Dividend Payment,28088,,bank,11797065000.00,Thrift,Seattle,WA,,CPP,,,,,,,
2009-02-17,Webster Financial Corporation,-4666666.67,,,Dividend Payment,1145476,,holding company,17480164000.00,Federal Reserve,Waterbury,CT,WBS,CPP,,,8.00,,,,
2009-02-17,Wells Fargo & Company,-371527777.78,,,Dividend Payment,1120754,,holding company,1335033794000.00,Federal Reserve,San Francisco,CA,WFC,CPP,,,25.10,,,,
2009-02-17,Western Alliance Bancorporation,-1633333.33,,,Dividend Payment,2349815,,holding company,5357924000.00,Federal Reserve,Las Vegas,NV,WAL,CPP,,,7.10,,,,
2009-02-17,Whitney Holding Corporation,-2333333.33,,,Dividend Payment,1079740,,holding company,12368310000.00,Federal Reserve,New Orleans,LA,WTNY,CPP,,,12.34,,,,
2009-02-17,Wilmington Trust Corporation,-2887500.00,,,Dividend Payment,1888193,,holding company,12786822000.00,Federal Reserve,Wilmington,DE,WL,CPP,,,15.42,,,,
2009-02-17,Wintrust Financial Corporation,-1944444.44,,,Dividend Payment,2260406,,holding company,10576244000.00,Federal Reserve,Lake Forest,IL,WTFC,CPP,,,18.10,,,,
2009-02-17,WSFS Financial Corporation,-160798.61,,,Dividend Payment,,H1232,thrift holding company,3433832000.00,,Wilmington,DE,WSFS,CPP,,,28.21,,,,
2009-02-17,Yadkin Valley Financial Corporation,-145000.00,,,Dividend Payment,3432965,,holding company,1525349000.00,Federal Reserve,Elkin,NC,YAVY,CPP,,,6.29,,,,
2009-02-17,Zions Bancorporation,-17694444.44,,,Dividend Payment,1027004,,holding company,55873895000.00,Federal Reserve,Salt Lake City,UT,ZION,CPP,,,14.64,,,,
2009-02-13,1st Enterprise Bank,4400000.00,Par,Preferred Stock w/Exercised Warrants,Purchase,58321,,bank,224778000.00,FDIC,Los Angeles,CA,,CPP,,,,,,,
2009-02-13,Bank of Marin Bancorp,-272222.22,,,Dividend Payment,3590388,,holding company,1049536000.00,Federal Reserve,Novato,CA,BMRC,CPP,,,27.00,,,,
2009-02-13,BankGreenville,1000000.00,Par,Preferred Stock w/Exercised Warrants,Purchase,3387168,,holding company,82623000.00,Federal Reserve,Greenville,SC,,CPP,,,,,,,
2009-02-13,Bridge Capital Holdings,-172351.11,,,Dividend Payment,3280988,,holding company,,Federal Reserve,San Jose,CA,BBNK,CPP,,,5.67,,,,
2009-02-13,Carrollton Bancorp,9201000.00,Par,Preferred Stock w/Warrants,Purchase,1469800,,holding company,402595000.00,Federal Reserve,Baltimore,MD,CRRB,CPP,,,,,,,
2009-02-13,Centerstate Banks of Florida Inc.,-325208.33,,,Dividend Payment,2868129,,holding company,1332313000.00,Federal Reserve,Davenport,FL,CSFL,CPP,,,9.73,,,,
2009-02-13,Central Federal Corporation,-70243.06,,,Dividend Payment,,H3317,thrift holding company,275978000.00,,Fairlawn,OH,CFBK,CPP,,,2.57,,,,
2009-02-13,Centrue Financial Corporation,-163340.00,,,Dividend Payment,1206591,,holding company,1397201000.00,Federal Reserve,St. Louis,MO,TRUE,CPP,,,5.80,,,,
2009-02-13,Corning Savings and Loan Association,638000.00,Par,Preferred Stock w/Exercised Warrants,Purchase,31711,,savings and loan,29587000.00,Thrift,Corning,AR,,CPP,,,,,,,
2009-02-13,CVB Financial Corp,-1263888.89,,,Dividend Payment,1029222,,holding company,6648313000.00,Federal Reserve,Ontario,CA,CVBF,CPP,,,6.54,,,,
2009-02-13,DeSoto County Bank,1173000.00,Par,Preferred Stock w/Exercised Warrants,Purchase,58154,,bank,45951000.00,FDIC,Horn Lake,MS,,CPP,,,,,,,
2009-02-13,Emclaire Financial Corp.,-54166.67,,,Dividend Payment,1480944,,holding company,373603000.00,Federal Reserve,Emlenton,PA,EMCF.OB,CPP,,,19.55,,,,
2009-02-13,F&M Financial Corporation,17243000.00,Par,Preferred Stock w/Exercised Warrants,Purchase,1138450,,holding company,722397000.00,Federal Reserve,Clarksville,TN,,CPP,,,,,,,
2009-02-13,Farmers Capital Bank Corporation,-150000.00,,,Dividend Payment,1098732,,holding company,2186880000.00,Federal Reserve,Frankfort,KY,FFKT,CPP,,,24.54,,,,
2009-02-13,Financial Security Corporation,5000000.00,Par,Preferred Stock w/Exercised Warrants,Purchase,1060850,,holding company,238564000.00,Federal Reserve,Basin,WY,,CPP,,,,,,,
2009-02-13,First Choice Bank,2200000.00,Par,Preferred Stock w/Exercised Warrants,Purchase,57966,,bank,85806000.00,FDIC,Cerritos,CA,,CPP,,,,,,,
2009-02-13,First Financial Service Corporation,-100000.00,,,Dividend Payment,3150997,,holding company,1017056000.00,Federal Reserve,Elizabethtown,KY,FFKY,CPP,,,15.00,,,,
2009-02-13,First Litchfield Financial Corporation,-87500.00,,,Dividend Payment,1363757,,holding company,532151000.00,Federal Reserve,Litchfield,CT,FLFL.OB,CPP,,,6.50,,,,
2009-02-13,FNB United Corp.,51500000.00,Par,Preferred Stock w/Warrants,Purchase,1133473,,holding company,2099191000.00,Federal Reserve,Asheboro,NC,FNBN,CPP,,,,,,,
2009-02-13,FPB Financial Corp.,-9900.00,,,Dividend Payment,,H3428,thrift holding company,175422000.00,,Hammond,LA,FPBF,CPP,,,,,,,
2009-02-13,FPB Financial Corp.,-891.00,,,Dividend Payment,,H3428,thrift holding company,175422000.00,,Hammond,LA,FPBF,CPP,,,,,,,
2009-02-13,Heritage Commerce Corp.,-466666.67,,,Dividend Payment,2634874,,holding company,1497892000.00,Federal Reserve,San Jose,CA,HTBK,CPP,,,5.62,,,,
2009-02-13,HF Financial Corp.,-291666.67,,,Dividend Payment,,H1927,thrift holding company,1172207000.00,,Sioux Falls,SD,HFFC,CPP,,,12.30,,,,
2009-02-13,Independence Bank,-5325.00,,,Dividend Payment,57379,,bank,66497000.00,FDIC,East Greenwich,RI,,CPP,,,,,,,
2009-02-13,Independence Bank,-477.00,,,Dividend Payment,57379,,bank,66497000.00,FDIC,East Greenwich,RI,,CPP,,,,,,,
2009-02-13,Meridian Bank,6200000.00,Par,Preferred Stock w/Exercised Warrants,Purchase,57777,,bank,226179000.00,FDIC,Devon,PA,,CPP,,,,,,,
2009-02-13,Mission Valley Bancorp,-39722.22,,,Dividend Payment,3364600,,holding company,238039000.00,Federal Reserve,Sun Valley,CA,MVLY,CPP,,,,,,,
2009-02-13,NewBridge Bancorp,-458255.00,,,Dividend Payment,1076002,,holding company,2073836000.00,Federal Reserve,Greensboro,NC,NBBC,CPP,,,2.23,,,,
2009-02-13,Northwest Commercial Bank,1992000.00,Par,Preferred Stock w/Exercised Warrants,Purchase,57191,,bank,73946000.00,FDIC,Lakewood,WA,,CPP,,,,,,,
2009-02-13,Oak Valley Bancorp,-131250.00,,,Dividend Payment,3726440,,holding company,508156000.00,Federal Reserve,Oakdale,CA,OVLY,CPP,,,3.90,,,,
2009-02-13,Pacific International Bancorp,-56875.00,,,Dividend Payment,3272938,,holding company,271939000.00,Federal Reserve,Seattle,WA,PIBW.OB,CPP,,,5.00,,,,
2009-02-13,Peoples Bancorp,18000000.00,Par,Preferred Stock w/Exercised Warrants,Purchase,1030947,,holding company,1041226000.00,Federal Reserve,Lynden,WA,,CPP,,,,,,,
2009-02-13,PlainsCapital Corporation,-681574.44,,,Dividend Payment,2348470,,holding company,,Federal Reserve,Dallas,TX,,CPP,,,,,,,
2009-02-13,PlainsCapital Corporation,-61348.00,,,Dividend Payment,2348470,,holding company,,Federal Reserve,Dallas,TX,,CPP,,,,,,,
2009-02-13,PremierWest Bancorp,41400000.00,Par,Preferred Stock w/Warrants,Purchase,2867542,,holding company,1483255000.00,Federal Reserve,Medford,OR,PRWT,CPP,,,,,,,
2009-02-13,Princeton National  Bancorp Inc.,-76642.50,,,Dividend Payment,1207600,,holding company,1163463000.00,Federal Reserve,Princeton,IL,PNBC,CPP,,,14.50,,,,
2009-02-13,Redwood Capital Bancorp,-15305.56,,,Dividend Payment,3552032,,holding company,161663000.00,Federal Reserve,Eureka,CA,RWCB,CPP,,,,,,,
2009-02-13,Redwood Capital Bancorp,-1377.50,,,Dividend Payment,3552032,,holding company,161663000.00,Federal Reserve,Eureka,CA,RWCB,CPP,,,,,,,
2009-02-13,Seacoast Banking Corporation of Florida,-388888.89,,,Dividend Payment,1085013,,holding company,2317149000.00,Federal Reserve,Stuart,FL,SBCF,CPP,,,2.68,,,,
2009-02-13,Somerset Hills Bancorp,-29861.94,,,Dividend Payment,2950480,,holding company,299389000.00,Federal Reserve,Bernardsville,NJ,SOMH,CPP,,,8.40,,,,
2009-02-13,Southern Bancorp Inc.,-44305.56,,,Dividend Payment,1248939,,holding company,575275000.00,Federal Reserve,Arkadelphia,AR,,CPP,,,,,,,
2009-02-13,State Capital Corporation,15000000.00,Par,Preferred Stock w/Exercised Warrants,Purchase,3131893,,holding company,943892000.00,Federal Reserve,Greenwood,MS,,CPP,,,,,,,
2009-02-13,StellarOne Corporation,-233333.33,,,Dividend Payment,2502049,,holding company,2933064000.00,Federal Reserve,Charlottesville,VA,STEL,CPP,,,13.45,,,,
2009-02-13,The Bank of Kentucky Financial Corporation,34000000.00,Par,Preferred Stock w/Warrants,Purchase,2291624,,holding company,1253995000.00,Federal Reserve,Crestview Hills,KY,BKYF,CPP,,,,,,,
2009-02-13,Umpqua Holdings Corp.,-2707009.86,,,Dividend Payment,2747644,,holding company,8599058000.00,Federal Reserve,Portland,OR,UMPQ,CPP,,,8.66,,,,
2009-02-13,Washington Banking Company,-106252.78,,,Dividend Payment,2406174,,holding company,898044000.00,Federal Reserve,Oak Harbor,WA,WBCO,CPP,,,9.49,,,,
2009-02-13,Westamerica Bancorporation,83726000.00,Par,Preferred Stock w/Warrants,Purchase,1025541,,holding company,4007679000.00,Federal Reserve,San Rafael,CA,WABC,CPP,,,,,,,
2009-02-13,Western Illinois Bancshares Inc.,-49508.33,,,Dividend Payment,3356632,,holding company,355058000.00,Federal Reserve,Monmouth,IL,,CPP,,,,,,,
2009-02-13,Western Illinois Bancshares Inc.,-4459.00,,,Dividend Payment,3356632,,holding company,355058000.00,Federal Reserve,Monmouth,IL,,CPP,,,,,,,
2009-02-12,Blue Valley Ban Corp,-211458.33,,,Dividend Payment,1471849,,holding company,800974000.00,Federal Reserve,Overland Park,KS,BVBC.OB,CPP,,,7.60,,,,
2009-02-12,Patapsco Bancorp Inc.,-46666.67,,,Dividend Payment,2384508,,holding company,267519000.00,Federal Reserve,Dundalk,MD,,CPP,,,,,,,
2009-02-12,Patapsco Bancorp Inc.,-4200.00,,,Dividend Payment,2384508,,holding company,267519000.00,Federal Reserve,Dundalk,MD,,CPP,,,,,,,
2009-02-12,Texas National Bancorporation,-19905.00,,,Dividend Payment,2716471,,holding company,171720000.00,Federal Reserve,Jacksonville,TX,,CPP,,,,,,,
2009-02-12,Texas National Bancorporation,-1791.00,,,Dividend Payment,2716471,,holding company,171720000.00,Federal Reserve,Jacksonville,TX,,CPP,,,,,,,
2009-02-06,Banner County Ban Corporation,795000.00,Par,Preferred Stock w/Exercised Warrants,Purchase,1067028,,holding company,40235000.00,Federal Reserve,Harrisburg,NE,,CPP,,,,,,,
2009-02-06,Carolina Trust Bank,4000000.00,Par,Preferred Stock w/Warrants,Purchase,57026,,bank,153781000.00,FDIC,Lincolnton,NC,CART,CPP,,,,,,,
2009-02-06,CedarStone Bank,3564000.00,Par,Preferred Stock w/Exercised Warrants,Purchase,57684,,bank,147709000.00,FDIC,Lebanon,TN,,CPP,,,,,,,
2009-02-06,Centrix Bank & Trust,7500000.00,Par,Preferred Stock w/Exercised Warrants,Purchase,35035,,bank,457685000.00,FDIC,Bedford,NH,CXBT,CPP,,,,,,,
2009-02-06,F & M Financial Corporation,17000000.00,Par,Preferred Stock w/Exercised Warrants,Purchase,1076619,,holding company,680721000.00,Federal Reserve,Salisbury,NC,,CPP,,,,,,,
2009-02-06,Hyperion Bank,1552000.00,Par,Preferred Stock w/Exercised Warrants,Purchase,58371,,bank,59713000.00,FDIC,Philadelphia,PA,,CPP,,,,,,,
2009-02-06,Lone Star Bank,3072000.00,Par,Preferred Stock w/Exercised Warrants,Purchase,58324,,bank,95749000.00,FDIC,Houston,TX,,CPP,,,,,,,
2009-02-06,Mercantile Capital Corp.,3500000.00,Par,Preferred Stock w/Exercised Warrants,Purchase,1250763,,holding company,152235000.00,Federal Reserve,Boston,MA,MECN,CPP,,,,,,,
2009-02-06,Pascack Community Bank,3756000.00,Par,Preferred Stock w/Exercised Warrants,Purchase,57215,,bank,173911000.00,FDIC,Westwood,NJ,PCCB,CPP,,,,,,,
2009-02-06,Stockmens Financial Corporation,15568000.00,Par,Preferred Stock w/Exercised Warrants,Purchase,3796902,,holding company,686792000.00,Federal Reserve,Rapid City,SD,,CPP,,,,,,,
2009-02-06,The Bank of Currituck,4021000.00,Par,Preferred Stock w/Exercised Warrants,Purchase,2039,,bank,178024000.00,Federal Reserve,Moyock,NC,,CPP,,,,,,,
2009-02-06,The Freeport State Bank,301000.00,Par,Preferred Stock w/Exercised Warrants,Purchase,18067,,bank,17897000.00,FDIC,Harper,KS,,CPP,,,,,,,
2009-02-06,US Metro Bank,2861000.00,Par,Preferred Stock w/Exercised Warrants,Purchase,58310,,bank,107880000.00,FDIC,Garden Grove,CA,USMT,CPP,,,,,,,
2009-01-30,AMB Financial Corp.,3674000.00,Par,Preferred Stock w/Exercised Warrants,Purchase,,H2228,thrift holding company,177623000.00,,Munster,IN,AMFC,CPP,,,,,,,
2009-01-30,Anchor BanCorp Wisconsin Inc.,110000000.00,Par,Preferred Stock w/Warrants,Purchase,,H1972,thrift holding company,4740503000.00,,Madison,WI,ABCW,CPP,,,,,,,
2009-01-30,Bankers' Bank of the West Bancorp Inc.,12639000.00,Par,Preferred Stock w/Exercised Warrants,Purchase,2249401,,holding company,434553000.00,Federal Reserve,Denver,CO,,CPP,,,,,,,
2009-01-30,Beach Business Bank,6000000.00,Par,Preferred Stock w/Exercised Warrants,Purchase,57678,,bank,221846000.00,FDIC,Manhattan Beach,CA,BBBC,CPP,,,,,,,
2009-01-30,Central Bancshares Inc.,5800000.00,Par,Preferred Stock w/Exercised Warrants,Purchase,1106468,,holding company,293407000.00,Federal Reserve,Houston,TX,CBSI,CPP,,,,,,,
2009-01-30,Central Valley Community Bancorp,7000000.00,Par,Preferred Stock w/Warrants,Purchase,2935405,,holding company,750438000.00,Federal Reserve,Fresno,CA,CVCY,CPP,,,,,,,
2009-01-30,Community Partners Bancorp,9000000.00,Par,Preferred Stock w/Warrants,Purchase,3395668,,holding company,579336000.00,Federal Reserve,Middletown,NJ,CPBC,CPP,,,,,,,
2009-01-30,Country Bank Shares Inc.,7525000.00,Par,Preferred Stock w/Exercised Warrants,Purchase,1416831,,holding company,362421000.00,Federal Reserve,Milford,NE,,CPP,,,,,,,
2009-01-30,DNB Financial Corporation,11750000.00,Par,Preferred Stock w/Warrants,Purchase,1117455,,holding company,534212000.00,Federal Reserve,Downingtown,PA,DNBF,CPP,,,,,,,
2009-01-30,Equity Bancshares Inc.,8750000.00,Par,Preferred Stock w/Exercised Warrants,Purchase,3180547,,holding company,385174000.00,Federal Reserve,Wichita,KS,,CPP,,,,,,,
2009-01-30,F & M Bancshares Inc.,4609000.00,Par,Preferred Stock w/Exercised Warrants,Purchase,1135806,,holding company,177216000.00,Federal Reserve,Trezevant,TN,,CPP,,,,,,,
2009-01-30,First Resource Bank,2600000.00,Par,Preferred Stock w/Exercised Warrants,Purchase,57967,,bank,103150000.00,FDIC,Exton,PA,,CPP,,,,,,,
2009-01-30,First Southern Bancorp Inc.,10900000.00,Par,Preferred Stock w/Exercised Warrants,Purchase,2349486,,holding company,381468000.00,Federal Reserve,Boca Raton,FL,,CPP,,,,,,,
2009-01-30,First United Corporation,30000000.00,Par,Preferred Stock w/Warrants,Purchase,1132672,,holding company,1618616000.00,Federal Reserve,Oakland,MD,FUNC,CPP,,,,,,,
2009-01-30,Firstbank Corporation,33000000.00,Par,Preferred Stock w/Warrants,Purchase,1134322,,holding company,1422420000.00,Federal Reserve,Alma,MI,FBMI,CPP,,,,,,,
2009-01-30,Greer Bancshares Incorporated,9993000.00,Par,Preferred Stock w/Exercised Warrants,Purchase,3025648,,holding company,435522000.00,Federal Reserve,Greer,SC,GRBS,CPP,,,,,,,
2009-01-30,Hilltop Community Bancorp Inc.,4000000.00,Par,Preferred Stock w/Exercised Warrants,Purchase,3262818,,holding company,180718000.00,Federal Reserve,Summit,NJ,HTBC,CPP,,,,,,,
2009-01-30,Katahdin Bankshares Corp.,10449000.00,Par,Preferred Stock w/Exercised Warrants,Purchase,1140127,,holding company,463550000.00,Federal Reserve,Houlton,ME,KTHN,CPP,,,,,,,
2009-01-30,Legacy Bancorp Inc.,5498000.00,Par,Preferred Stock,Purchase,2727963,,holding company,226267000.00,Federal Reserve,Milwaukee,WI,,CPP,,,,,,,
2009-01-30,Metro City Bank,7700000.00,Par,Preferred Stock w/Exercised Warrants,Purchase,58181,,bank,272923000.00,FDIC,Doraville,GA,,CPP,,,,,,,
2009-01-30,Middleburg Financial Corporation,22000000.00,Par,Preferred Stock w/Warrants,Purchase,2176413,,holding company,978360000.00,Federal Reserve,Middleburg,VA,MBRG,CPP,,,,,,,
2009-01-30,Monument Bank,4734000.00,Par,Preferred Stock w/Exercised Warrants,Purchase,57942,,bank,176495000.00,FDIC,Bethesda,MD,,CPP,,,,,,,
2009-01-30,Northway Financial Inc.,10000000.00,Par,Preferred Stock w/Exercised Warrants,Purchase,2582827,,holding company,719597000.00,Federal Reserve,Berlin,NH,NWYF,CPP,,,,,,,
2009-01-30,Ojai Community Bank,2080000.00,Par,Preferred Stock w/Exercised Warrants,Purchase,57850,,bank,50743000.00,FDIC,Ojai,CA,OJCB,CPP,,,,,,,
2009-01-30,Peninsula Bank Holding Co.,6000000.00,Par,Preferred Stock w/Warrants,Purchase,3680980,,holding company,271523000.00,Federal Reserve,Palo Alto,CA,PBKH,CPP,,,,,,,
2009-01-30,Peoples Bancorp Inc.,39000000.00,Par,Preferred Stock w/Warrants,Purchase,1070578,,holding company,1993254000.00,Federal Reserve,Marietta,OH,PEBO,CPP,,,,,,,
2009-01-30,Plumas Bancorp,11949000.00,Par,Preferred Stock w/Warrants,Purchase,3098576,,holding company,456599000.00,Federal Reserve,Quincy,CA,PLBC,CPP,,,,,,,
2009-01-30,Rogers Bancshares Inc.,25000000.00,Par,Preferred Stock w/Exercised Warrants,Purchase,2066886,,holding company,1683467000.00,Federal Reserve,Little Rock,AR,,CPP,,,,,,,
2009-01-30,Stewardship Financial Corporation,10000000.00,Par,Preferred Stock w/Warrants,Purchase,2290560,,holding company,607008000.00,Federal Reserve,Midland Park,NJ,SSFN,CPP,,,,,,,
2009-01-30,UBT Bancshares Inc.,8950000.00,Par,Preferred Stock w/Exercised Warrants,Purchase,3219577,,holding company,429585000.00,Federal Reserve,Marysville,KS,,CPP,,,,,,,
2009-01-30,Valley Commerce Bancorp,7700000.00,Par,Preferred Stock w/Exercised Warrants,Purchase,3139424,,holding company,305953000.00,Federal Reserve,Visalia,CA,VCBP,CPP,,,,,,,
2009-01-30,W.T.B. Financial Corporation,110000000.00,Par,Preferred Stock w/Exercised Warrants,Purchase,1029464,,holding company,4084953000.00,Federal Reserve,Spokane,WA,WTBFA,CPP,,,,,,,
2009-01-30,WashingtonFirst Bank,6633000.00,Par,Preferred Stock w/Exercised Warrants,Purchase,57696,,bank,275804000.00,FDIC,Reston,VA,WAFB,CPP,,,,,,,
2009-01-23,1st Source Corporation,111000000.00,Par,Preferred Stock w/Warrants,Purchase,1199602,,holding company,4445830000.00,Federal Reserve,South Bend,IN,SRCE,CPP,19.87,837947,19.50,-0.37,,,
2009-01-23,AB&T Financial Corporation,3500000.00,Par,Preferred Stock w/Warrants,Purchase,3706684,,holding company,170683000.00,Federal Reserve,Gastonia,NC,ABTO.OB,CPP,6.55,80153,5.25,-1.30,,,
2009-01-23,BankFirst Capital Corporation,15500000.00,Par,Preferred Stock w/Exercised Warrants,Purchase,1247455,,holding company,662151000.00,Federal Reserve,Macon,MS,,CPP,,,,,,,
2009-01-23,California Oaks State Bank,3300000.00,Par,Preferred Stock w/Exercised Warrants,Purchase,34579,,bank,123242000.00,FDIC,Thousand Oaks,CA,,CPP,,,,,,,
2009-01-23,Calvert Financial Corporation,1037000.00,Par,Preferred Stock w/Exercised Warrants,Purchase,2868147,,holding company,46176000.00,Federal Reserve,Ashland,MO,,CPP,,,,,,,
2009-01-23,CalWest Bancorp,4656000.00,Par,Preferred Stock w/Exercised Warrants,Purchase,3188860,,holding company,191038000.00,Federal Reserve,Rancho Santa Margarita,CA,CALW,CPP,,,,,,,
2009-01-23,Commonwealth Business Bank,7701000.00,Par,Preferred Stock w/Exercised Warrants,Purchase,57873,,bank,295847000.00,Federal Reserve,Los Angeles,CA,CWBB,CPP,,,,,,,
2009-01-23,Crosstown Holding Company,10650000.00,Par,Preferred Stock w/Exercised Warrants,Purchase,3304343,,holding company,384028000.00,Federal Reserve,Blaine,MN,,CPP,,,,,,,
2009-01-23,Farmers Bank,8752000.00,Par,Preferred Stock w/Exercised Warrants,Purchase,2429,,bank,344804000.00,Federal Reserve,Windsor,VA,FBVA,CPP,,,,,,,
2009-01-23,First Citizens Banc Corp.,23184000.00,Par,Preferred Stock w/Warrants,Purchase,1246533,,holding company,1051242000.00,Federal Reserve,Sandusky,OH,FCZA,CPP,7.41,469312,5.57,-1.84,,,
2009-01-23,First ULB Corp.,4900000.00,Par,Preferred Stock w/Exercised Warrants,Purchase,,H1884,thrift holding company,247050000.00,,Oakland,CA,,CPP,,,,,,,
2009-01-23,FPB Financial Corp.,3240000.00,Par,Preferred Stock w/Exercised Warrants,Purchase,,H3428,thrift holding company,175422000.00,,Hammond,LA,FPBF,CPP,,,,,,,
2009-01-23,Fresno First Bank,1968000.00,Par,Preferred Stock w/Exercised Warrants,Purchase,58090,,bank,96313000.00,FDIC,Fresno,CA,FSNF,CPP,,,,,,,
2009-01-23,Pierce County Bancorp,6800000.00,Par,Preferred Stock w/Exercised Warrants,Purchase,2453114,,holding company,261857000.00,Federal Reserve,Tacoma,WA,,CPP,,,,,,,
2009-01-23,Princeton National  Bancorp Inc.,25083000.00,Par,Preferred Stock w/Warrants,Purchase,1207600,,holding company,1163463000.00,Federal Reserve,Princeton,IL,PNBC,CPP,24.27,155025,14.50,-9.77,,,
2009-01-23,Seaside National Bank & Trust,5677000.00,Par,Preferred Stock w/Exercised Warrants,Purchase,58328,,bank,243410000.00,Comptroller,Orlando,FL,,CPP,,,,,,,
2009-01-23,Stonebridge Financial Corp.,10973000.00,Par,Preferred Stock w/Exercised Warrants,Purchase,2754334,,holding company,487013000.00,Federal Reserve,West Chester,PA,,CPP,,,,,,,
2009-01-23,WSFS Financial Corporation,52625000.00,Par,Preferred Stock w/Warrants,Purchase,,H1232,thrift holding company,3433832000.00,,Wilmington,DE,WSFS,CPP,45.08,175105,28.21,-16.87,,,
2009-01-16,Bank of America Corporation,20000000000.00,Par,Preferred Stock w/Warrants,Purchase,1073757,,holding company,1817686267000.00,Federal Reserve,Charlotte,NC,BAC,TIP,13.30,150375940,11.87,-1.43,,,
2009-01-16,Bank of Commerce,3000000.00,Par,Preferred Stock w/Exercised Warrants,Purchase,58134,,bank,125462000.00,FDIC,Charlotte,NC,,CPP,,,,,,,
2009-01-16,Bar Harbor Bankshares,18751000.00,Par,Preferred Stock w/Warrants,Purchase,1115385,,holding company,971535000.00,Federal Reserve,Bar Harbor,ME,BHB,CPP,26.81,104910,28.99,2.18,,,
2009-01-16,BNCCORP Inc.,20093000.00,Par,Preferred Stock w/Exercised Warrants,Purchase,1248162,,holding company,861403000.00,Federal Reserve,Bismarck,ND,BNCC,CPP,,,,,,,
2009-01-16,Chrysler Financial Services Americas LLC,1500000000.00,,Debt Obligation w/Additional Note,Purchase,,,bank,,,Farmington Hills,MI,,AIFP,,,,,,,
2009-01-16,Citigroup Inc.,5000000000.00,Preferred Stock and Warrants,Second-Loss Guarantee on Asset Pool,Guarantee,1951350,,holding company,1340720959000.00,Federal Reserve,New York,NY,C,AGP,10.61,254476909,3.57,-7.04,,,
2009-01-16,Citizens & Northern Corporation,26440000.00,Par,Preferred Stock w/Warrants,Purchase,1143623,,holding company,1273285000.00,Federal Reserve,Wellsboro,PA,CZNC,CPP,20.36,194794,22.25,1.89,,,
2009-01-16,Community 1st Bank,2550000.00,Par,Preferred Stock w/Exercised Warrants,Purchase,58191,,bank,96656000.00,FDIC,Roseville,CA,CFBN,CPP,,,,,,,
2009-01-16,Community Bank of the Bay,1747000.00,Par,Preferred Stock w/Exercised Warrants,Purchase,34210,,bank,68610000.00,FDIC,Oakland,CA,CBYAA,CPP,,,,,,,
2009-01-16,Dickinson Financial Corporation II,146053000.00,Par,Preferred Stock w/Exercised Warrants,Purchase,2107707,,holding company,6090090000.00,Federal Reserve,Kansas City,MO,,CPP,,,,,,,
2009-01-16,First BanCorp,400000000.00,Par,Preferred Stock w/Warrants,Purchase,2744894,,holding company,19477107000.00,Federal Reserve,San Juan,PR,FBP,CPP,10.27,5842259,5.70,-4.57,,,
2009-01-16,First Manitowoc Bancorp Inc.,12000000.00,Par,Preferred Stock w/Exercised Warrants,Purchase,1208009,,holding company,793228000.00,Federal Reserve,Manitowoc,WI,,CPP,,,,,,,
2009-01-16,Idaho Bancorp,6900000.00,Par,Preferred Stock w/Exercised Warrants,Purchase,3301883,,holding company,248820000.00,Federal Reserve,Boise,ID,IDBC,CPP,,,,,,,
2009-01-16,Morrill Bancshares Inc.,13000000.00,Par,Preferred Stock w/Exercised Warrants,Purchase,1058165,,holding company,696087000.00,Federal Reserve,Merriam,KS,,CPP,,,,,,,
2009-01-16,OceanFirst Financial Corp.,38263000.00,Par,Preferred Stock w/Warrants,Purchase,,H2630,thrift holding company,1858907000.00,,Toms River,NJ,OCFC,CPP,15.07,380853,12.60,-2.47,,,
2009-01-16,Pacific Coast National Bancorp,4120000.00,Par,Preferred Stock w/Exercised Warrants,Purchase,3338795,,holding company,147676000.00,Federal Reserve,San Clemente,CA,PCST,CPP,,,,,,,
2009-01-16,Puget Sound Bank,4500000.00,Par,Preferred Stock w/Exercised Warrants,Purchase,57955,,bank,153981000.00,FDIC,Bellevue,WA,,CPP,,,,,,,
2009-01-16,Pulaski Financial Corp,32538000.00,Par,Preferred Stock w/Warrants,Purchase,,H3185,thrift holding company,1361481000.00,,Creve Coeur,MO,PULB,CPP,6.27,778421,7.08,0.81,,,
2009-01-16,Redwood Capital Bancorp,3800000.00,Par,Preferred Stock w/Exercised Warrants,Purchase,3552032,,holding company,161663000.00,Federal Reserve,Eureka,CA,RWCB,CPP,,,,,,,
2009-01-16,S&T Bancorp,108676000.00,Par,Preferred Stock w/Warrants,Purchase,1071397,,holding company,4410695000.00,Federal Reserve,Indiana,PA,STBA,CPP,31.53,517012,14.95,-16.58,,,
2009-01-16,SCBT Financial Corporation,64779000.00,Par,Preferred Stock w/Warrants,Purchase,1133437,,holding company,2763151000.00,Federal Reserve,Columbia,SC,SCBT,CPP,32.06,303083,24.89,-7.17,,,
2009-01-16,Somerset Hills Bancorp,7414000.00,Par,Preferred Stock w/Warrants,Purchase,2950480,,holding company,299389000.00,Federal Reserve,Bernardsville,NJ,SOMH,CPP,6.82,163065,8.40,1.58,,,
2009-01-16,Southern Bancorp Inc.,11000000.00,Par,Preferred Stock,Purchase,1248939,,holding company,575275000.00,Federal Reserve,Arkadelphia,AR,,CPP,,,,,,,
2009-01-16,State Bankshares Inc.,50000000.00,Par,Preferred Stock w/Exercised Warrants,Purchase,1417333,,holding company,1926633000.00,Federal Reserve,Fargo,ND,,CPP,,,,,,,
2009-01-16,Syringa Bancorp,8000000.00,Par,Preferred Stock w/Exercised Warrants,Purchase,3338861,,holding company,289637000.00,Federal Reserve,Boise,ID,,CPP,,,,,,,
2009-01-16,The Baraboo Bancorporation,20749000.00,Par,Preferred Stock w/Exercised Warrants,Purchase,1209248,,holding company,783631000.00,Federal Reserve,Baraboo,WI,BAOB,CPP,,,,,,,
2009-01-16,Treaty Oak Bancorp Inc.,3268000.00,Par,Preferred Stock w/Exercised Warrants,Purchase,3228579,,holding company,135990000.00,Federal Reserve,Austin,TX,TOAK,CPP,,,,,,,
2009-01-16,United Financial Banking Companies Inc.,5658000.00,Par,Preferred Stock w/Exercised Warrants,Purchase,1075788,,holding company,239738000.00,Federal Reserve,Vienna,VA,,CPP,,,,,,,
2009-01-16,Washington Banking Company,26380000.00,Par,Preferred Stock w/Warrants,Purchase,2406174,,holding company,898044000.00,Federal Reserve,Oak Harbor,WA,WBCO,CPP,8.04,492164,9.49,1.45,,,
2009-01-16,Yadkin Valley Financial Corporation,36000000.00,Par,Preferred Stock w/Warrants,Purchase,3432965,,holding company,1525349000.00,Federal Reserve,Elkin,NC,YAVY,CPP,13.99,385990,6.29,-7.70,,,
2009-01-15,Morgan Stanley,-106944444.00,,,Dividend Payment,2162966,,holding company,58058000000.00,Federal Reserve,New York,NY,MS,CPP,,,31.20,,,,
2009-01-09,American Express Company,3388890000.00,Par,Preferred Stock w/Warrants,Purchase,,,bank,126074000000.00,,New York,NY,AXP,CPP,20.95,24264129,25.25,4.30,,,
2009-01-09,Bank of America Corporation,10000000000.00,Par,Preferred Stock w/Warrants,Purchase,1073757,,holding company,1817686267000.00,Federal Reserve,Charlotte,NC,BAC,CPP,30.79,48717116,11.87,-18.92,,,
2009-01-09,C&F Financial Corporation,20000000.00,Par,Preferred Stock w/Warrants,Purchase,2183493,,holding company,847034000.00,Federal Reserve,West Point,VA,CFFI,CPP,17.91,167504,16.56,-1.35,,,
2009-01-09,Cadence Financial Corporation,44000000.00,Par,Preferred Stock w/Warrants,Purchase,1100037,,holding company,1967150000.00,Federal Reserve,Starkville,MS,CADE,CPP,5.76,1145833,2.78,-2.98,,,
2009-01-09,Central Pacific Financial Corp.,135000000.00,Par,Preferred Stock w/Warrants,Purchase,1022764,,holding company,5422926000.00,Federal Reserve,Honolulu,HI,CPF,CPP,12.77,1585748,6.77,-6.00,,,
2009-01-09,Centrue Financial Corporation,32668000.00,Par,Preferred Stock w/Warrants,Purchase,1206591,,holding company,1397201000.00,Federal Reserve,St. Louis,MO,TRUE,CPP,9.64,508320,5.80,-3.84,,,
2009-01-09,Commerce National Bank,5000000.00,Par,Preferred Stock w/Warrants,Purchase,57566,,bank,261908000.00,Comptroller,Newport Beach,CA,CNBF.OB,CPP,8.60,87209,6.00,-2.60,,,
2009-01-09,Community Trust Financial Corporation,24000000.00,Par,Preferred Stock w/Exercised Warrants,Purchase,1885307,,holding company,1129736000.00,Federal Reserve,Ruston,LA,,CPP,,,,,,,
2009-01-09,Crescent Financial Corporation,24900000.00,Par,Preferred Stock w/Warrants,Purchase,3027709,,holding company,968085000.00,Federal Reserve,Cary,NC,CRFN,CPP,4.48,833705,4.26,-0.22,,,
2009-01-09,F.N.B. Corporation,100000000.00,Par,Preferred Stock w/Warrants,Purchase,3005332,,holding company,8210895000.00,Federal Reserve,Hermitage,PA,FNB,CPP,11.52,1302083,7.36,-4.16,,,
2009-01-09,Farmers Capital Bank Corporation,30000000.00,Par,Preferred Stock w/Warrants,Purchase,1098732,,holding company,2186880000.00,Federal Reserve,Frankfort,KY,FFKT,CPP,20.09,223992,24.54,4.45,,,
2009-01-09,First Bancorp,65000000.00,Par,Preferred Stock w/Warrants,Purchase,1076431,,holding company,2753725000.00,Federal Reserve,Troy,NC,FBNC,CPP,15.82,616308,14.06,-1.76,,,
2009-01-09,First Financial Service Corporation,20000000.00,Par,Preferred Stock w/Warrants,Purchase,3150997,,holding company,1017056000.00,Federal Reserve,Elizabethtown,KY,FFKY,CPP,13.89,215983,15.00,1.11,,,
2009-01-09,FirstMerit Corporation,125000000.00,Par,Preferred Stock w/Warrants,Purchase,1070804,,holding company,11082632000.00,Federal Reserve,Akron,OH,FMER,CPP,19.69,952260,17.73,-1.96,,,
2009-01-09,GrandSouth Bancorporation,9000000.00,Par,Preferred Stock w/Exercised Warrants,Purchase,2929833,,holding company,373305000.00,Federal Reserve,Greenville,SC,GRRB,CPP,,,,,,,
2009-01-09,Independence Bank,1065000.00,Par,Preferred Stock w/Exercised Warrants,Purchase,57379,,bank,66497000.00,FDIC,East Greenwich,RI,,CPP,,,,,,,
2009-01-09,Independent Bank Corp.,78158000.00,Par,Preferred Stock w/Warrants,Purchase,1136803,,holding company,3633478000.00,Federal Reserve,Rockland,MA,INDB,CPP,24.34,481664,21.75,-2.59,,,
2009-01-09,LCNB Corp.,13400000.00,Par,Preferred Stock w/Warrants,Purchase,2759900,,holding company,648792000.00,Federal Reserve,Lebanon,OH,LCNB.OB,CPP,9.26,217063,9.12,-0.14,,,
2009-01-09,Mission Community Bancorp,5116000.00,Par,Preferred Stock,Purchase,2948366,,holding company,,Federal Reserve,San Luis Obispo,CA,MISS,CPP,,,,,,,
2009-01-09,New York Private Bank & Trust Corporation,267274000.00,Par,Preferred Stock w/Exercised Warrants,Purchase,3212091,,holding company,15362846000.00,Federal Reserve,New York,NY,,CPP,,,,,,,
2009-01-09,Peapack-Gladstone Financial Corporation,28685000.00,Par,Preferred Stock w/Warrants,Purchase,2651590,,holding company,1380173000.00,Federal Reserve,Gladstone,NJ,PGC,CPP,30.06,143139,18.98,-11.08,,,
2009-01-09,Redwood Financial Inc.,2995000.00,Par,Preferred Stock w/Exercised Warrants,Purchase,,H2478,thrift holding company,140904000.00,,Redwood Falls,MN,REDW,CPP,,,,,,,
2009-01-09,Rising Sun Bancorp,5983000.00,Par,Preferred Stock w/Exercised Warrants,Purchase,1846232,,holding company,246380000.00,Federal Reserve,Rising Sun,MD,RSAM,CPP,,,,,,,
2009-01-09,Security Business Bancorp,5803000.00,Par,Preferred Stock w/Exercised Warrants,Purchase,3637863,,holding company,203953000.00,Federal Reserve,San Diego,CA,SBBC,CPP,,,,,,,
2009-01-09,Security California Bancorp,6815000.00,Par,Preferred Stock w/Exercised Warrants,Purchase,3804469,,holding company,,Federal Reserve,Riverside,CA,SCAF,CPP,,,,,,,
2009-01-09,Sound Banking Company,3070000.00,Par,Preferred Stock w/Exercised Warrants,Purchase,57095,,bank,127406000.00,FDIC,Morehead City,NC,SNBN,CPP,,,,,,,
2009-01-09,Surrey Bancorp,2000000.00,Par,Preferred Stock w/Exercised Warrants,Purchase,3163867,,holding company,204148000.00,Federal Reserve,Mount Airy,NC,SRYB,CPP,,,,,,,
2009-01-09,Texas National Bancorporation,3981000.00,Par,Preferred Stock w/Exercised Warrants,Purchase,2716471,,holding company,171720000.00,Federal Reserve,Jacksonville,TX,,CPP,,,,,,,
2009-01-09,The Queensborough Company,12000000.00,Par,Preferred Stock w/Exercised Warrants,Purchase,1130904,,holding company,860555000.00,Federal Reserve,Louisville,GA,,CPP,,,,,,,
2009-01-09,Valley Community Bank,5500000.00,Par,Preferred Stock w/Exercised Warrants,Purchase,34689,,bank,211129000.00,FDIC,Pleasanton,CA,,CPP,,,,,,,
2009-01-02,Chrysler Holding LLC,4000000000.00,N/A,Debt Obligation w/Additional Note,Purchase,,,auto company,,,Auburn Hills,MI,,AIFP,,,,,,,
2008-12-31,CIT Group Inc.,2330000000.00,Par,Preferred Stock w/Warrants,Purchase,1036967,,holding company,3498275000.00,Federal Reserve,New York,NY,CIT,CPP,3.94,88705584,3.34,-0.60,,,
2008-12-31,Citigroup Inc.,20000000000.00,TARGETED INVESTMENT PROGRAM,Preferred Stock w/Warrants,Purchase,1951350,,holding company,1340720959000.00,Federal Reserve,New York,NY,C,TIP,10.61,188500000,3.57,-7.04,50,2009-02-06,COP
2008-12-31,Fifth Third Bancorp,3408000000.00,Par,Preferred Stock w/Warrants,Purchase,1070345,,holding company,130672356000.00,Federal Reserve,Cincinnati,OH,FITB,CPP,11.72,43617747,7.00,-4.72,,,
2008-12-31,General Motors Corporation,13400000000.00,N/A,Debt Obligation w/Warrants and Additional Note,Purchase,,,auto company,91047000000.00,,Detroit,MI,GM,AIFP,,,0.75,,,,
2008-12-31,The PNC Financial Services Group Inc.,7579200000.00,Par,Preferred Stock w/Warrants,Purchase,1069778,,holding company,289875471000.00,Federal Reserve,Pittsburgh,PA,PNC,CPP,67.33,16885192,43.70,-23.63,27,2009-02-06,COP
2008-12-29,General Motors Corporation,884024131.00,N/A,Debt Obligation,Purchase,,,auto company,91047000000.00,,Detroit,MI,GM,AIFP,5.02,1733068,0.75,-4.27,63,2008-12-31,CBO
2008-12-29,GMAC LLC,5000000000.00,Preference,Preferred Stock w/Exercised Warrants,Purchase,,,auto company,,,Detroit,MI,GJM,AIFP,0.01,250002,15.75,15.74,63,2008-12-31,CBO
2008-12-23,1st Constitution Bancorp,12000000.00,Par,Preferred Stock w/Warrants,Purchase,2784920,,holding company,545140000.00,Federal Reserve,Cranbury,NJ,FCCY,CPP,8.99,200222,7.45,-1.54,,,
2008-12-23,Bridge Capital Holdings,23864000.00,Par,Preferred Stock w/Warrants,Purchase,3280988,,holding company,,Federal Reserve,San Jose,CA,BBNK,CPP,9.03,396412,5.67,-3.36,,,
2008-12-23,Cache Valley Banking Company,4767000.00,Par,Preferred Stock w/Exercised Warrants,Purchase,2324997,,holding company,201670000.00,Federal Reserve,Logan,UT,,CPP,,,,,,,
2008-12-23,Capital Pacific Bancorp,4000000.00,Par,Preferred Stock w/Exercised Warrants,Purchase,3589702,,holding company,140578000.00,Federal Reserve,Portland,OR,CPBO,CPP,,,,,,,
2008-12-23,Central Jersey Bancorp,11300000.00,Par,Preferred Stock w/Warrants,Purchase,2910055,,holding company,600175000.00,Federal Reserve,Oakhurst,NJ,CJBK,CPP,6.31,268621,6.00,-0.31,,,
2008-12-23,Citizens Bancorp,10400000.00,Par,Preferred Stock w/Exercised Warrants,Purchase,3165133,,holding company,372202000.00,Federal Reserve,Nevada City,CA,CZNB,CPP,,,,,,,
2008-12-23,Citizens Community Bank,3000000.00,Par,Preferred Stock w/Exercised Warrants,Purchase,35326,,bank,149794000.00,Federal Reserve,South Hill,VA,CZYB,CPP,,,,,,,
2008-12-23,Emclaire Financial Corp.,7500000.00,Par,Preferred Stock w/Warrants,Purchase,1480944,,holding company,373603000.00,Federal Reserve,Emlenton,PA,EMCF.OB,CPP,22.45,50111,19.55,-2.90,,,
2008-12-23,First Community Bank Corporation of America,10685000.00,Par,Preferred Stock w/Warrants,Purchase,,H2518,thrift holding company,503462000.00,,Pinellas Park,FL,FCFL,CPP,7.02,228312,4.10,-2.92,,,
2008-12-23,First Financial Bancorp,80000000.00,Par,Preferred Stock w/Warrants,Purchase,1071276,,holding company,3685878000.00,Federal Reserve,Cincinnati,OH,FFBC,CPP,12.90,930233,8.03,-4.87,,,
2008-12-23,First Sound Bank,7400000.00,Par,Preferred Stock w/Warrants,Purchase,57799,,bank,266958000.00,FDIC,Seattle,WA,FSWA.OB,CPP,9.73,114080,2.50,-7.23,,,
2008-12-23,Fulton Financial Corporation,376500000.00,Par,Preferred Stock w/Warrants,Purchase,1117129,,holding company,16550202000.00,Federal Reserve,Lancaster,PA,FULT,CPP,10.25,5509756,6.27,-3.98,,,
2008-12-23,International Bancshares Corporation,216000000.00,Par,Preferred Stock w/Warrants,Purchase,1104231,,holding company,12393213000.00,Federal Reserve,Laredo,TX,IBOC,CPP,24.43,653226,11.11,-13.32,,,
2008-12-23,Intervest Bancshares Corporation,25000000.00,Par,Preferred Stock w/Warrants,Purchase,2049302,,holding company,2200895000.00,Federal Reserve,New York,NY,IBCA,CPP,5.42,691882,4.20,-1.22,,,
2008-12-23,M&T Bank Corporation,600000000.00,Par,Preferred Stock w/Warrants,Purchase,1242601,,holding company,65762984000.00,,Buffalo,NY,MTB,CPP,73.86,1218522,49.67,-24.19,,,
2008-12-23,Magna Bank,13795000.00,Par,Preferred Stock w/Exercised Warrants,Purchase,34937,,bank,529959000.00,Thrift,Memphis,TN,,CPP,,,,,,,
2008-12-23,Mission Valley Bancorp,5500000.00,Par,Preferred Stock,Purchase,3364600,,holding company,238039000.00,Federal Reserve,Sun Valley,CA,MVLY,CPP,,,,,,,
2008-12-23,Pacific Coast Bankers' Bancshares,11600000.00,Par,Preferred Stock w/Exercised Warrants,Purchase,2731586,,holding company,682613000.00,Federal Reserve,San Francisco,CA,,CPP,,,,,,,
2008-12-23,Pacific Commerce Bank,4060000.00,Par,Preferred Stock w/Exercised Warrants,Purchase,57065,,bank,165410000.00,Federal Reserve,Los Angeles,CA,PFCI,CPP,,,,,,,
2008-12-23,Park National Corporation,100000000.00,Par,Preferred Stock w/Warrants,Purchase,1142336,,holding company,7166444000.00,Federal Reserve,Newark,OH,PRK,CPP,65.97,227376,63.00,-2.97,,,
2008-12-23,Parkvale Financial Corporation,31762000.00,Par,Preferred Stock w/Warrants,Purchase,,H1236,thrift holding company,,,Monroeville,PA,PVSA,CPP,12.66,376327,10.00,-2.66,,,
2008-12-23,Saigon National Bank,1549000.00,Par,Preferred Stock w/Exercised Warrants,Purchase,57974,,bank,54745000.00,Comptroller,Westminster,CA,SAGN,CPP,,,,,,,
2008-12-23,Seacoast Commerce Bank,1800000.00,Par,Preferred Stock w/Exercised Warrants,Purchase,57428,,bank,74961000.00,FDIC,Chula Vista,CA,SCCB,CPP,,,,,,,
2008-12-23,Sterling Bancorp,42000000.00,Par,Preferred Stock w/Warrants,Purchase,1039454,,holding company,2196255000.00,Federal Reserve,New York,NY,STL,CPP,12.19,516817,9.57,-2.62,,,
2008-12-23,TCNB Financial Corp.,2000000.00,Par,Preferred Stock w/Exercised Warrants,Purchase,2833127,,holding company,100227000.00,Federal Reserve,Dayton,OH,,CPP,,,,,,,
2008-12-23,Uwharrie Capital Corp,10000000.00,Par,Preferred Stock w/Exercised Warrants,Purchase,2082532,,holding company,451963000.00,Federal Reserve,Albemarle,NC,UWHR,CPP,,,,,,,
2008-12-23,Western Illinois Bancshares Inc.,6855000.00,Par,Preferred Stock w/Exercised Warrants,Purchase,3356632,,holding company,355058000.00,Federal Reserve,Monmouth,IL,,CPP,,,,,,,
2008-12-22,Bank of New York Mellon Corporation,-21666666.67,,,Dividend Payment,3587146,,holding company,207382310000.00,Federal Reserve,New York,NY,BK,CPP,,,28.87,,,,
2008-12-19,Alliance Financial Corporation,26918000.00,Par,Preferred Stock w/Warrants,Purchase,1140510,,holding company,1359556000.00,Federal Reserve,Syracuse,NY,ALNC,CPP,23.33,173069,25.69,2.36,,,
2008-12-19,Bridgeview Bancorp Inc.,38000000.00,Par,Preferred Stock w/Exercised Warrants,Purchase,1209145,,holding company,1505790000.00,Federal Reserve,Bridgeview,IL,,CPP,,,,,,,
2008-12-19,Citizens First Corporation,8779000.00,Par,Preferred Stock w/Warrants,Purchase,2750952,,holding company,361196000.00,Federal Reserve,Bowling Green,KY,CZFC,CPP,5.18,254218,5.09,-0.09,,,
2008-12-19,CoBiz Financial Inc.,64450000.00,Par,Preferred Stock w/Warrants,Purchase,1060328,,holding company,2617361000.00,Federal Reserve,Denver,CO,COBZ,CPP,10.79,895968,7.80,-2.99,,,
2008-12-19,Community Bankers Trust Corporation,17680000.00,Par,Preferred Stock w/Warrants,Purchase,3687046,,holding company,1079127000.00,Federal Reserve,Glen Allen,VA,BTC,CPP,3.40,780000,3.54,0.14,,,
2008-12-19,Community Financial Corporation,12643000.00,Par,Preferred Stock w/Warrants,Purchase,,H2750,thrift holding company,509719000.00,,Staunton,VA,CFFC,CPP,5.40,351194,4.15,-1.25,,,
2008-12-19,Community West Bancshares,15600000.00,Par,Preferred Stock w/Warrants,Purchase,2626299,,holding company,656886000.00,Federal Reserve,Goleta,CA,CWBC,CPP,4.49,521158,2.44,-2.05,,,
2008-12-19,Enterprise Financial Services Corp.,35000000.00,Par,Preferred Stock w/Warrants,Purchase,2303910,,holding company,2244108000.00,Federal Reserve,St. Louis,MO,EFSC,CPP,16.20,324074,9.22,-6.98,,,
2008-12-19,Exchange Bank,43000000.00,Par,Preferred Stock w/Exercised Warrants,Purchase,8468,,bank,1629346000.00,FDIC,Santa Rosa,CA,EXSR,CPP,,,,,,,
2008-12-19,FCB Bancorp Inc.,9294000.00,Par,Preferred Stock w/Exercised Warrants,Purchase,2900355,,holding company,419705000.00,Federal Reserve,Louisville,KY,FCBE,CPP,,,,,,,
2008-12-19,FFW Corporation,7289000.00,Par,Preferred Stock w/Exercised Warrants,Purchase,,H2092,thrift holding company,326767000.00,,Wabash,IN,FFWC,CPP,,,,,,,
2008-12-19,Fidelity Financial Corporation,36282000.00,Par,Preferred Stock w/Exercised Warrants,Purchase,,H0928,thrift holding company,1853520000.00,,Wichita,KS,,CPP,,,,,,,
2008-12-19,Fidelity Southern Corporation,48200000.00,Par,Preferred Stock w/Warrants,Purchase,1081118,,holding company,1759643000.00,Federal Reserve,Atlanta,GA,LION,CPP,3.19,2266458,3.20,0.01,,,
2008-12-19,Flushing Financial Corporation,70000000.00,Par,Preferred Stock w/Warrants,Purchase,,H2328,thrift holding company,3947902000.00,,Lake Success,NY,FFIC,CPP,13.97,751611,11.76,-2.21,,,
2008-12-19,Horizon Bancorp,25000000.00,Par,Preferred Stock w/Warrants,Purchase,1209136,,holding company,1304420000.00,Federal Reserve,Michigan City,IN,HBNC,CPP,17.68,212104,19.09,1.41,,,
2008-12-19,Intermountain Community Bancorp,27000000.00,Par,Preferred Stock w/Warrants,Purchase,2634490,,holding company,1081753000.00,Federal Reserve,Sandpoint,ID,IMCB.OB,CPP,6.20,653226,3.95,-2.25,,,
2008-12-19,Marquette National Corporation,35500000.00,Par,Preferred Stock w/Exercised Warrants,Purchase,1207486,,holding company,1711248000.00,Federal Reserve,Chicago,IL,MNAT,CPP,,,,,,,
2008-12-19,Monadnock Bancorp Inc.,1834000.00,Par,Preferred Stock w/Exercised Warrants,Purchase,,H4287,thrift holding company,127452000.00,,Peterborough,NH,MNKB,CPP,,,,,,,
2008-12-19,NCAL Bancorp,10000000.00,Par,Preferred Stock w/Exercised Warrants,Purchase,2925406,,holding company,420524000.00,Federal Reserve,Los Angeles,CA,NCAL,CPP,,,,,,,
2008-12-19,OneUnited Bank,12063000.00,Par,Preferred Stock ,Purchase,23966,,bank,625311000.00,FDIC,Boston,MA,,CPP,,,,,,,
2008-12-19,Pacific City Financial Corporation,16200000.00,Par,Preferred Stock w/Exercised Warrants,Purchase,3595084,,holding company,580803000.00,Federal Reserve,Los Angeles,CA,PFCF,CPP,,,,,,,
2008-12-19,Patapsco Bancorp Inc.,6000000.00,Par,Preferred Stock w/Exercised Warrants,Purchase,2384508,,holding company,267519000.00,Federal Reserve,Dundalk,MD,,CPP,,,,,,,
2008-12-19,Patriot Bancshares Inc.,26038000.00,Par,Preferred Stock w/Exercised Warrants,Purchase,3390430,,holding company,963902000.00,Federal Reserve,Houston,TX,,CPP,,,,,,,
2008-12-19,PlainsCapital Corporation,87631000.00,Par,Preferred Stock w/Exercised Warrants,Purchase,2348470,,holding company,,Federal Reserve,Dallas,TX,,CPP,,,,,,,
2008-12-19,Santa Lucia Bancorp,4000000.00,Par,Preferred Stock w/Warrants,Purchase,3403778,,holding company,251582000.00,Federal Reserve,Atascadero,CA,SLBA.OB,CPP,16.06,37360,11.65,-4.41,,,
2008-12-19,Seacoast Banking Corporation of Florida,50000000.00,Par,Preferred Stock w/Warrants,Purchase,1085013,,holding company,2317149000.00,Federal Reserve,Stuart,FL,SBCF,CPP,6.36,1179245,2.68,-3.68,,,
2008-12-19,Security Federal Corporation,18000000.00,Par,Preferred Stock w/Warrants,Purchase,,H1130,thrift holding company,934799000.00,,Aiken,SC,SFDL.OB,CPP,19.57,137966,14.00,-5.57,,,
2008-12-19,StellarOne Corporation,30000000.00,Par,Preferred Stock w/Warrants,Purchase,2502049,,holding company,2933064000.00,Federal Reserve,Charlottesville,VA,STEL,CPP,14.87,302623,13.45,-1.42,,,
2008-12-19,Summit State Bank,8500000.00,Par,Preferred Stock w/Warrants,Purchase,32203,,bank,349785000.00,FDIC,Santa Rosa,CA,SSBI,CPP,5.33,239212,7.30,1.97,,,
2008-12-19,Synovus Financial Corp.,967870000.00,Par,Preferred Stock w/Warrants,Purchase,1078846,,holding company,36154084000.00,Federal Reserve,Columbus,GA,SNV,CPP,9.36,708116,3.45,-5.91,,,
2008-12-19,The Connecticut Bank and Trust Company,5448000.00,Par,Preferred Stock w/Warrants,Purchase,57690,,bank,223465000.00,Federal Reserve,Hartford,CT,CTBC,CPP,4.65,175742,4.94,0.29,,,
2008-12-19,Tri-County Financial Corporation,15540000.00,Par,Preferred Stock w/Exercised Warrants,Purchase,2523389,,holding company,714638000.00,Federal Reserve,Waldorf,MD,TCFC,CPP,,,,,,,
2008-12-19,Union Bankshares Corporation,59000000.00,Par,Preferred Stock w/Warrants,Purchase,1971693,,holding company,2560112000.00,Federal Reserve,Bowling Green,VA,UBSH,CPP,20.94,422636,16.89,-4.05,,,
2008-12-19,VIST Financial Corp.,25000000.00,Par,Preferred Stock w/Warrants,Purchase,1136139,,holding company,1206644000.00,Federal Reserve,Wyomissing,PA,VIST,CPP,10.30,364078,7.10,-3.20,,,
2008-12-19,Wainwright Bank & Trust Company,22000000.00,Par,Preferred Stock w/Warrants,Purchase,27009,,bank,979538000.00,FDIC,Boston,MA,WAIN,CPP,8.46,390071,8.08,-0.38,,,
2008-12-19,Whitney Holding Corporation,300000000.00,Par,Preferred Stock w/Warrants,Purchase,1079740,,holding company,12368310000.00,Federal Reserve,New Orleans,LA,WTNY,CPP,17.10,2631579,12.34,-4.76,,,
2008-12-19,Wintrust Financial Corporation,250000000.00,Par,Preferred Stock w/Warrants,Purchase,2260406,,holding company,10576244000.00,Federal Reserve,Lake Forest,IL,WTFC,CPP,22.82,1643295,18.10,-4.72,,,
2008-12-15,State Street Corporation,-13055555.56,,,Dividend Payment,1111435,,holding company,171227778000.00,Federal Reserve,Boston,MA,STT,CPP,,,48.95,,,,
2008-12-12,Capital Bank Corporation,41279000.00,Par,Preferred Stock w/Warrants,Purchase,2741156,,holding company,1713301000.00,Federal Reserve,Raleigh,NC,CBKN,CPP,8.26,749619,5.63,-2.63,,,
2008-12-12,Center Financial Corporation,55000000.00,Par,Preferred Stock w/Warrants,Purchase,3003178,,holding company,2056646000.00,Federal Reserve,Los Angeles,CA,CLFC,CPP,9.54,864780,3.28,-6.26,,,
2008-12-12,Citizens South Banking Corporation,20500000.00,Par,Preferred Stock w/Warrants,Purchase,,H3027,thrift holding company,817283000.00,,Gastonia,NC,CSBC,CPP,7.17,428870,4.88,-2.29,,,
2008-12-12,First Litchfield Financial Corporation,10000000.00,Par,Preferred Stock w/Warrants,Purchase,1363757,,holding company,532151000.00,Federal Reserve,Litchfield,CT,FLFL.OB,CPP,7.53,199203,6.50,-1.03,,,
2008-12-12,HopFed Bancorp,18400000.00,Par,Preferred Stock w/Warrants,Purchase,,H2913,thrift holding company,959871000.00,,Hopkinsville,KY,HFBC,CPP,11.32,243816,8.50,-2.82,,,
2008-12-12,Independent Bank Corporation,72000000.00,Par,Preferred Stock w/Warrants,Purchase,1201925,,holding company,2956914000.00,Federal Reserve,Ionia,MI,IBCP,CPP,3.12,3461538,1.55,-1.57,,,
2008-12-12,Indiana Community Bancorp,21500000.00,Par,Preferred Stock w/Warrants,Purchase,3059504,,holding company,983271000.00,Federal Reserve,Columbus,IN,INCB,CPP,17.09,188707,13.05,-4.04,,,
2008-12-12,LNB Bancorp Inc.,25223000.00,Par,Preferred Stock w/Warrants,Purchase,1071669,,holding company,1135484000.00,Federal Reserve,Lorain,OH,LNBB,CPP,6.74,561343,5.66,-1.08,,,
2008-12-12,LSB Corporation,15000000.00,Par,Preferred Stock w/Warrants,Purchase,3019674,,holding company,761305000.00,Federal Reserve,North Andover,MA,LSBX,CPP,10.74,209497,10.00,-0.74,,,
2008-12-12,NewBridge Bancorp,52372000.00,Par,Preferred Stock w/Warrants,Purchase,1076002,,holding company,2073836000.00,Federal Reserve,Greensboro,NC,NBBC,CPP,3.06,2567255,2.23,-0.83,,,
2008-12-12,Northeast Bancorp,4227000.00,Par,Preferred Stock w/Warrants,Purchase,2324111,,holding company,616325000.00,Federal Reserve,Lewiston,ME,NBN,CPP,9.33,67958,9.00,-0.33,,,
2008-12-12,Old National Bancorp,100000000.00,Par,Preferred Stock w/Warrants,Purchase,1098303,,holding company,7712867000.00,Federal Reserve,Evansville,IN,ONB,CPP,18.45,813008,11.86,-6.59,,,
2008-12-12,Pacific International Bancorp,6500000.00,Par,Preferred Stock w/Warrants,Purchase,3272938,,holding company,271939000.00,Federal Reserve,Seattle,WA,PIBW.OB,CPP,7.63,127785,5.00,-2.63,,,
2008-12-12,Signature Bank,120000000.00,Par,Preferred Stock w/Warrants,Purchase,57053,,bank,6699455000.00,FDIC,New York,NY,SBNY,CPP,30.21,595829,27.68,-2.53,,,
2008-12-12,SVB Financial Group,235000000.00,Par,Preferred Stock w/Warrants,Purchase,1031449,,holding company,9473973000.00,Federal Reserve,Santa Clara,CA,SIVB,CPP,49.78,708116,28.81,-20.97,,,
2008-12-12,TowneBank,76458000.00,Par,Preferred Stock w/Warrants,Purchase,35095,,bank,3015581000.00,FDIC,Portsmouth,VA,TOWN,CPP,21.31,538184,18.48,-2.83,,,
2008-12-12,Valley Financial Corporation,16019000.00,Par,Preferred Stock w/Warrants,Purchase,2314327,,holding company,668407000.00,Federal Reserve,Roanoke,VA,VYFC,CPP,6.97,344742,5.25,-1.72,,,
2008-12-12,Virginia Commerce Bancorp,71000000.00,Par,Preferred Stock w/Warrants,Purchase,2856377,,holding company,2713694000.00,Federal Reserve,Arlington,VA,VCBI,CPP,3.95,2696203,2.65,-1.30,,,
2008-12-12,Wilmington Trust Corporation,330000000.00,Par,Preferred Stock w/Warrants,Purchase,1888193,,holding company,12786822000.00,Federal Reserve,Wilmington,DE,WL,CPP,26.66,1856714,15.42,-11.24,,,
2008-12-05,Bank of Marin Bancorp,28000000.00,Par,Preferred Stock w/Warrants,Purchase,3590388,,holding company,1049536000.00,Federal Reserve,Novato,CA,BMRC,CPP,27.23,154242,27.00,-0.23,,,
2008-12-05,Bank of North Carolina,31260000.00,Par,Preferred Stock w/Warrants,Purchase,33527,,bank,1572135000.00,FDIC,Thomasville,NC,BNCN,CPP,8.63,543337,7.35,-1.28,,,
2008-12-05,Blue Valley Ban Corp,21750000.00,Par,Preferred Stock w/Warrants,Purchase,1471849,,holding company,800974000.00,Federal Reserve,Overland Park,KS,BVBC.OB,CPP,29.37,111083,7.60,-21.77,,,
2008-12-05,Cathay General Bancorp,258000000.00,Par,Preferred Stock w/Warrants,Purchase,1843080,,holding company,11579100000.00,Federal Reserve,Los Angeles,CA,CATY,CPP,20.96,1846374,10.58,-10.38,,,
2008-12-05,Central Federal Corporation,7225000.00,Par,Preferred Stock w/Warrants,Purchase,,H3317,thrift holding company,275978000.00,,Fairlawn,OH,CFBK,CPP,3.22,336568,2.57,-0.65,,,
2008-12-05,CVB Financial Corp,130000000.00,Par,Preferred Stock w/Warrants,Purchase,1029222,,holding company,6648313000.00,Federal Reserve,Ontario,CA,CVBF,CPP,11.68,1669521,6.54,-5.14,,,
2008-12-05,East West Bancorp,306546000.00,Par,Preferred Stock w/Warrants,Purchase,2734233,,holding company,12412072000.00,Federal Reserve,Pasadena,CA,EWBC,CPP,15.15,3035109,8.15,-7.00,,,
2008-12-05,Encore Bancshares Inc.,34000000.00,Par,Preferred Stock w/Warrants,Purchase,3555341,,holding company,1579951000.00,Federal Reserve,Houston,TX,EBTX,CPP,14.01,364026,7.81,-6.20,,,
2008-12-05,First Defiance Financial Corp.,37000000.00,Par,Preferred Stock w/Warrants,Purchase,,H2513,thrift holding company,1949553000.00,,Defiance,OH,FDEF,CPP,10.08,550595,14.25,4.17,,,
2008-12-05,First Financial Holdings Inc.,65000000.00,Par,Preferred Stock w/Warrants,Purchase,,H1214,thrift holding company,3009111000.00,,Charleston,SC,FFCH,CPP,20.17,483391,9.22,-10.95,,,
2008-12-05,Great Southern Bancorp,58000000.00,Par,Preferred Stock w/Warrants,Purchase,2339133,,holding company,2657417000.00,Federal Reserve,Springfield,MO,GSBC,CPP,9.57,909091,21.85,12.28,,,
2008-12-05,Iberiabank Corporation,90000000.00,Par,Preferred Stock w/Warrants,Purchase,2291914,,holding company,5377099000.00,Federal Reserve,Lafayette,LA,IBKC,CPP,48.74,276980,44.14,-4.60,,,
2008-12-05,Manhattan Bancorp,1700000.00,Par,Preferred Stock w/Warrants,Purchase,3596120,,holding company,,Federal Reserve,El Segundo,CA,MNHN,CPP,,,,,,,
2008-12-05,MB Financial Inc.,196000000.00,Par,Preferred Stock w/Warrants,Purchase,1090987,,holding company,8802576000.00,Federal Reserve,Chicago,IL,MBFI,CPP,29.05,1012048,10.71,-18.34,,,
2008-12-05,Oak Valley Bancorp,13500000.00,Par,Preferred Stock w/Warrants,Purchase,3726440,,holding company,508156000.00,Federal Reserve,Oakdale,CA,OVLY,CPP,5.78,350346,3.90,-1.88,,,
2008-12-05,Southern Community Financial Corp.,42750000.00,Par,Preferred Stock w/Warrants,Purchase,2981831,,holding company,1800127000.00,Federal Reserve,Winston-Salem,NC,SCMF,CPP,3.95,1623418,3.20,-0.75,,,
2008-12-05,Sterling Financial Corporation,303000000.00,Par,Preferred Stock w/Warrants,Purchase,3152245,,holding company,12784067000.00,Federal Reserve,Spokane,WA,STSA,CPP,7.06,6437677,4.20,-2.86,,,
2008-12-05,Superior Bancorp Inc.,69000000.00,Par,Preferred Stock w/Warrants,Purchase,,H4235,thrift holding company,3034347000.00,,Birmingham,AL,SUPR,CPP,5.38,1923792,3.19,-2.19,,,
2008-12-05,TIB Financial Corp,37000000.00,Par,Preferred Stock w/Warrants,Purchase,2457943,,holding company,1612277000.00,Federal Reserve,Naples,FL,TIBB,CPP,5.22,1063218,2.89,-2.33,,,
2008-12-05,Wesbanco Bank Inc.,75000000.00,Par,Preferred Stock w/Warrants,Purchase,803,,bank,5196684000.00,FDIC,Wheeling,WV,WSBC,CPP,25.61,439282,17.62,-7.99,,,
2008-12-01,JPMorgan Chase & Co.,-114583333.33,,,Dividend Payment,1039502,,holding company,1849647659000.00,Federal Reserve,New York,NY,JPM,CPP,,,35.35,,,,
2008-11-25,AIG,40000000000.00,Par,Preferred Stock w/Warrants,Purchase,,H2984,thrift holding company,1268362000000.00,,New York,NY,AIG,SSFI,2.50,53798766,1.64,-0.86,63,2009-02-06,COP
2008-11-21,Ameris Bancorp,52000000.00,Par,Preferred Stock w/Warrants,Purchase,1082067,,holding company,2405524000.00,Federal Reserve,Moultrie,GA,ABCB,CPP,11.48,679443,7.25,-4.23,,,
2008-11-21,Associated Banc-Corp,525000000.00,Par,Preferred Stock w/Warrants,Purchase,1199563,,holding company,23843152000.00,Federal Reserve,Green Bay,WI,ASBC,CPP,19.77,3983308,14.37,-5.40,,,
2008-11-21,Banner Corporation,124000000.00,Par,Preferred Stock w/Warrants,Purchase,2126977,,holding company,4602303000.00,Federal Reserve,Walla Walla,WA,BANR,CPP,10.89,1707989,5.38,-5.51,,,
2008-11-21,Cascade Financial Corporation,38970000.00,Par,Preferred Stock w/Warrants,Purchase,2568362,,holding company,1636243000.00,Federal Reserve,Everett,WA,CASB,CPP,6.77,863442,3.29,-3.48,,,
2008-11-21,Centerstate Banks of Florida Inc.,27875000.00,Par,Preferred Stock w/Warrants,Purchase,2868129,,holding company,1332313000.00,Federal Reserve,Davenport,FL,CSFL,CPP,16.67,250825,9.73,-6.94,,,
2008-11-21,City National Corporation,400000000.00,Par,Preferred Stock w/Warrants,Purchase,1027518,,holding company,16097768000.00,Federal Reserve,Beverly Hills,CA,CYN,CPP,53.16,1128668,37.04,-16.12,,,
2008-11-21,First Community Bankshares Inc.,41500000.00,Par,Preferred Stock w/Warrants,Purchase,1478017,,holding company,2104351000.00,Federal Reserve,Bluefield,VA,FCBC,CPP,35.26,176546,14.39,-20.87,,,
2008-11-21,First Community Corporation,11350000.00,Par,Preferred Stock w/Warrants,Purchase,2337401,,holding company,646894000.00,Federal Reserve,Lexington,SC,FCCO,CPP,8.69,195915,7.42,-1.27,,,
2008-11-21,First Niagara Financial Group,184011000.00,Par,Preferred Stock w/Warrants,Purchase,,H3915,thrift holding company,9239610000.00,,Lockport,NY,FNFG,CPP,14.48,1906191,12.67,-1.81,,,
2008-11-21,Heritage Commerce Corp.,40000000.00,Par,Preferred Stock w/Warrants,Purchase,2634874,,holding company,1497892000.00,Federal Reserve,San Jose,CA,HTBK,CPP,12.96,462963,5.62,-7.34,,,
2008-11-21,Heritage Financial Corporation,24000000.00,Par,Preferred Stock w/Warrants,Purchase,2166124,,holding company,945500000.00,Federal Reserve,Olympia,WA,HFWA,CPP,13.04,276074,12.14,-0.90,,,
2008-11-21,HF Financial Corp.,25000000.00,Par,Preferred Stock w/Warrants,Purchase,,H1927,thrift holding company,1172207000.00,,Sioux Falls,SD,HFFC,CPP,12.40,302419,12.30,-0.10,,,
2008-11-21,Pacific Capital Bancorp,180634000.00,Par,Preferred Stock w/Warrants,Purchase,1029884,,holding company,9560721000.00,Federal Reserve,Santa Barbara,CA,PCBC,CPP,17.92,1512003,5.38,-12.54,,,
2008-11-21,Porter Bancorp Inc.,35000000.00,Par,Preferred Stock w/Warrants,Purchase,1249712,,holding company,1643712000.00,Federal Reserve,Louisville,KY,PBIB,CPP,17.51,299829,13.79,-3.72,,,
2008-11-21,Taylor Capital Group,104823000.00,Par,Preferred Stock w/Warrants,Purchase,2495039,,holding company,4378470000.00,Federal Reserve,Rosemont,IL,TAYC,CPP,10.75,1462647,6.21,-4.54,,,
2008-11-21,Trustmark Corporation,215000000.00,Par,Preferred Stock w/Warrants,Purchase,1079562,,holding company,9841521000.00,Federal Reserve,Jackson,MS,TRMK,CPP,19.57,1647931,20.00,0.43,,,
2008-11-21,Webster Financial Corporation,400000000.00,Par,Preferred Stock w/Warrants,Purchase,1145476,,holding company,17480164000.00,Federal Reserve,Waterbury,CT,WBS,CPP,18.28,3282276,8.00,-10.28,,,
2008-11-21,Western Alliance Bancorporation,140000000.00,Par,Preferred Stock w/Warrants,Purchase,2349815,,holding company,5357924000.00,Federal Reserve,Las Vegas,NV,WAL,CPP,13.34,1574213,7.10,-6.24,,,
2008-11-14,1st FS Corporation,16369000.00,Par,Preferred Stock w/Warrants,Purchase,3715257,,holding company,707136000.00,Federal Reserve,Hendersonville,NC,FFIS.OB,CPP,8.87,276,5.25,-3.62,,,
2008-11-14,Bank of Commerce Holdings,17000000.00,Par,Preferred Stock w/Warrants,Purchase,1030040,,holding company,769179000.00,Federal Reserve,Redding,CA,BOCH,CPP,6.29,405405,5.80,-0.49,,,
2008-11-14,BB&T Corp.,3133640000.00,Par,Preferred Stock w/Warrants,Purchase,1074156,,holding company,149328261000.00,Federal Reserve,Winston-Salem,NC,BBT,CPP,33.81,13902573,22.26,-11.55,,,
2008-11-14,Broadway Financial Corporation,9000000.00,Par,Preferred Stock w/Warrants,Purchase,,H2589,thrift holding company,405342000.00,,Los Angeles,CA,BYFC,CPP,7.37,183175,7.70,0.33,,,
2008-11-14,Capital One Financial Corporation,3555199000.00,Par,Preferred Stock w/Warrants,Purchase,2277860,,holding company,156011580000.00,Federal Reserve,McLean,VA,COF,CPP,42.13,12657960,25.00,-17.13,,,
2008-11-14,Comerica Inc.,2250000000.00,Par,Preferred Stock w/Warrants,Purchase,1199844,,holding company,67613219000.00,Federal Reserve,Dallas,TX,CMA,CPP,29.40,11479592,22.58,-6.82,,,
2008-11-14,First Horizon National Corporation,866540000.00,Par,Preferred Stock w/Warrants,Purchase,1094640,,holding company,30786926000.00,Federal Reserve,Memphis,TN,FHN,CPP,10.20,12743235,13.11,2.91,,,
2008-11-14,Huntington Bancshares,1398071000.00,Par,Preferred Stock w/Warrants,Purchase,1068191,,holding company,53548035000.00,Federal Reserve,Columbus,OH,HBAN,CPP,8.90,23562994,4.05,-4.85,,,
2008-11-14,KeyCorp,2500000000.00,Par,Preferred Stock w/Warrants,Purchase,1068025,,holding company,101868610000.00,Federal Reserve,Cleveland,OH,KEY,CPP,10.64,35244361,5.50,-5.14,,,
2008-11-14,Marshall & Ilsley Corporation,1715000000.00,Par,Preferred Stock w/Warrants,Purchase,3594612,,holding company,65672876000.00,Federal Reserve,Milwaukee,WI,MI,CPP,18.62,13815789,6.66,-11.96,,,
2008-11-14,Northern Trust Corporation,1576000000.00,Par,Preferred Stock w/Warrants,Purchase,1199611,,holding company,83458421000.00,Federal Reserve,Chicago,IL,NTRS,CPP,61.81,3824624,57.16,-4.65,,,
2008-11-14,Provident Bancshares Corp.,151500000.00,Par,Preferred Stock w/Warrants,Purchase,1247633,,holding company,6299164000.00,Federal Reserve,Baltimore,MD,PBKS,CPP,9.57,2374608,7.83,-1.74,,,
2008-11-14,Regions Financial Corp.,3500000000.00,Par,Preferred Stock w/Warrants,Purchase,3242838,,holding company,142084005000.00,Federal Reserve,Birmingham,AL,RF,CPP,10.88,48253677,4.08,-6.80,,,
2008-11-14,TCF Financial Corporation,361172000.00,Par,Preferred Stock w/Warrants,Purchase,2389941,,holding company,16792522000.00,Federal Reserve,Wayzata,MN,TCB,CPP,16.93,3199988,13.71,-3.22,,,
2008-11-14,U.S. Bancorp,6599000000.00,Par,Preferred Stock w/Warrants,Purchase,1119794,,holding company,266634185000.00,Federal Reserve,Minneapolis,MN,USB,CPP,30.29,32679102,18.75,-11.54,5,2009-02-06,COP
2008-11-14,Umpqua Holdings Corp.,214181000.00,Par,Preferred Stock w/Warrants,Purchase,2747644,,holding company,8599058000.00,Federal Reserve,Portland,OR,UMPQ,CPP,14.46,2221795,8.66,-5.80,,,
2008-11-14,Valley National Bancorp,300000000.00,Par,Preferred Stock w/Warrants,Purchase,1048773,,holding company,14700181000.00,Federal Reserve,Wayne,NJ,VLY,CPP,19.59,2297090,12.60,-6.99,,,
2008-11-14,Washington Federal Inc.,200000000.00,Par,Preferred Stock w/Warrants,Purchase,,H2427,thrift holding company,12516153000.00,,Seattle,WA,WFSL,CPP,17.57,1707456,13.39,-4.18,,,
2008-11-14,Zions Bancorporation,1400000000.00,Par,Preferred Stock w/Warrants,Purchase,1027004,,holding company,55873895000.00,Federal Reserve,Salt Lake City,UT,ZION,CPP,36.27,5789909,14.64,-21.63,,,
2008-10-28,Bank of America Corporation,15000000000.00,Par,Preferred Stock w/Warrants,Purchase,1073757,,holding company,1817686267000.00,Federal Reserve,Charlotte,NC,BAC,CPP,30.79,73075674,11.87,-18.92,17,2009-02-06,COP
2008-10-28,Bank of New York Mellon Corporation,3000000000.00,Par,Preferred Stock w/Warrants,Purchase,3587146,,holding company,207382310000.00,Federal Reserve,New York,NY,BK,CPP,31.00,14516129,28.87,-2.13,,,
2008-10-28,Citigroup Inc.,25000000000.00,Par,Preferred Stock w/Warrants,Purchase,1951350,,holding company,1340720959000.00,Federal Reserve,New York,NY,C,CPP,17.85,210084034,3.57,-14.28,38,2009-02-06,COP
2008-10-28,JPMorgan Chase & Co.,25000000000.00,Par,Preferred Stock w/Warrants,Purchase,1039502,,holding company,1849647659000.00,Federal Reserve,New York,NY,JPM,CPP,42.42,88401697,35.35,-7.07,18,2009-02-06,COP
2008-10-28,Morgan Stanley,10000000000.00,Par,Preferred Stock w/Warrants,Purchase,2162966,,holding company,58058000000.00,Federal Reserve,New York,NY,MS,CPP,22.99,65245759,31.20,8.21,42,2009-02-06,COP
2008-10-28,State Street Corporation,2000000000.00,Par,Preferred Stock w/Warrants,Purchase,1111435,,holding company,171227778000.00,Federal Reserve,Boston,MA,STT,CPP,53.80,5576208,48.95,-4.85,,,
2008-10-28,Wells Fargo & Company,25000000000.00,Par,Preferred Stock w/Warrants,Purchase,1120754,,holding company,1335033794000.00,Federal Reserve,San Francisco,CA,WFC,CPP,34.01,110261688,25.10,-8.91,7,2009-02-06,COP
